CREATE DATABASE  IF NOT EXISTS `intelligentwebassignment` /*!40100 DEFAULT CHARACTER SET utf8 */;
USE `intelligentwebassignment`;
-- MySQL dump 10.13  Distrib 5.7.11, for Win64 (x86_64)
--
-- Host: localhost    Database: intelligentwebassignment
-- ------------------------------------------------------
-- Server version	5.7.11-log

/*!40101 SET @OLD_CHARACTER_SET_CLIENT=@@CHARACTER_SET_CLIENT */;
/*!40101 SET @OLD_CHARACTER_SET_RESULTS=@@CHARACTER_SET_RESULTS */;
/*!40101 SET @OLD_COLLATION_CONNECTION=@@COLLATION_CONNECTION */;
/*!40101 SET NAMES utf8 */;
/*!40103 SET @OLD_TIME_ZONE=@@TIME_ZONE */;
/*!40103 SET TIME_ZONE='+00:00' */;
/*!40014 SET @OLD_UNIQUE_CHECKS=@@UNIQUE_CHECKS, UNIQUE_CHECKS=0 */;
/*!40014 SET @OLD_FOREIGN_KEY_CHECKS=@@FOREIGN_KEY_CHECKS, FOREIGN_KEY_CHECKS=0 */;
/*!40101 SET @OLD_SQL_MODE=@@SQL_MODE, SQL_MODE='NO_AUTO_VALUE_ON_ZERO' */;
/*!40111 SET @OLD_SQL_NOTES=@@SQL_NOTES, SQL_NOTES=0 */;

--
-- Table structure for table `footballclubs`
--

DROP TABLE IF EXISTS `footballclubs`;
/*!40101 SET @saved_cs_client     = @@character_set_client */;
/*!40101 SET character_set_client = utf8 */;
CREATE TABLE `footballclubs` (
  `footballClubId` int(11) NOT NULL AUTO_INCREMENT,
  `footballClubName` varchar(45) NOT NULL,
  `footballClubTwitterHandle` varchar(45) NOT NULL,
  PRIMARY KEY (`footballClubId`),
  UNIQUE KEY `footballclubId_UNIQUE` (`footballClubId`),
  UNIQUE KEY `footballClubTwitterHandle_UNIQUE` (`footballClubTwitterHandle`)
) ENGINE=InnoDB AUTO_INCREMENT=28 DEFAULT CHARSET=utf8;
/*!40101 SET character_set_client = @saved_cs_client */;

--
-- Dumping data for table `footballclubs`
--

LOCK TABLES `footballclubs` WRITE;
/*!40000 ALTER TABLE `footballclubs` DISABLE KEYS */;
INSERT INTO `footballclubs` VALUES (1,'Manchester United','ManUtd'),(2,'Arsenal','Arsenal'),(3,'Chelsea','ChelseaFC'),(4,'Liverpool','LFC'),(5,'Manchester City','MCFC'),(6,'Tottenham Hotspur','SpursOfficial'),(7,'Everton','Everton'),(8,'Newcastle United','NUFC'),(9,'West Ham United','whufc_official'),(10,'Aston Villa','AVFCOfficial'),(11,'Southampton','SouthamptonFC'),(12,'Swansea City','SwansOfficial'),(13,'Sunderland','SunderlandAFC'),(14,'Stoke City','stokecity'),(15,'West Bromwich Albion','WBAFCofficial'),(16,'Leicester City','LCFC'),(17,'Norwich City','NorwichCityFC'),(18,'Crystal Palace','CPFC'),(19,'QPR','QPRFC'),(20,'Fulham','FulhamFC'),(21,'Hull City','HullCity'),(22,'Wigan Athletic','LaticsOfficial'),(23,'Reading','ReadingFC'),(24,'Leeds United','LUFC'),(25,'Cardiff City','CardiffCityFC'),(26,'Watford ','WatfordFC'),(27,'AFC Bournemouth','afcbournemouth');
/*!40000 ALTER TABLE `footballclubs` ENABLE KEYS */;
UNLOCK TABLES;

--
-- Table structure for table `footballplayers`
--

DROP TABLE IF EXISTS `footballplayers`;
/*!40101 SET @saved_cs_client     = @@character_set_client */;
/*!40101 SET character_set_client = utf8 */;
CREATE TABLE `footballplayers` (
  `footballPlayerId` int(11) NOT NULL AUTO_INCREMENT,
  `footballPlayerName` varchar(45) NOT NULL,
  `footballPlayerTwitterHandle` varchar(45) NOT NULL,
  `footballPlayerFootballClubId` int(11) NOT NULL,
  PRIMARY KEY (`footballPlayerId`),
  UNIQUE KEY `footballplayerId_UNIQUE` (`footballPlayerId`),
  UNIQUE KEY `footballPlayerTwitterHandle_UNIQUE` (`footballPlayerTwitterHandle`),
  KEY `footballPlayerFootballClubId_idx` (`footballPlayerFootballClubId`),
  CONSTRAINT `footballPlayerFootballClubId` FOREIGN KEY (`footballPlayerFootballClubId`) REFERENCES `footballclubs` (`footballClubId`) ON DELETE NO ACTION ON UPDATE NO ACTION
) ENGINE=InnoDB AUTO_INCREMENT=22 DEFAULT CHARSET=utf8;
/*!40101 SET character_set_client = @saved_cs_client */;

--
-- Dumping data for table `footballplayers`
--

LOCK TABLES `footballplayers` WRITE;
/*!40000 ALTER TABLE `footballplayers` DISABLE KEYS */;
INSERT INTO `footballplayers` VALUES (2,'Wayne Rooney','WayneRooney',1),(3,'David De Gea','D_DeGea',1),(4,'Juan Mata','juanmata8',1),(5,'Bastian Schweinsteiger','BSchweinsteiger',1),(6,'Marcos Rojo','marcosrojo5',1),(7,'Phil Jones','PhilJones4',1),(8,'Michael Carrick','carras16',1),(9,'Marouane Fellaini','Fellaini',1),(10,'Ander Herrera','AnderHerrera',1),(11,'Luke Shaw','LukeShaw23',1),(12,'Ashley Young','youngy18',1),(13,'Daley Blind','BlindDaley',1),(14,'Morgan Schneiderlin','SchneiderlinMo4',1),(15,'Anthony Martial','AnthonyMartial',1),(16,'Chris Smalling','ChrisSmalling',1),(17,'Matteo Darmian','DarmianOfficial',1),(18,'Andreas Pereira','andrinhopereira',1),(19,'Antonio Valencia','anto_v25',1),(20,'Sam Johnstone','samjohnstone50',1),(21,'Sergio Romero','Chiquito1Romero',1);
/*!40000 ALTER TABLE `footballplayers` ENABLE KEYS */;
UNLOCK TABLES;

--
-- Table structure for table `tweets`
--

DROP TABLE IF EXISTS `tweets`;
/*!40101 SET @saved_cs_client     = @@character_set_client */;
/*!40101 SET character_set_client = utf8 */;
CREATE TABLE `tweets` (
  `tweetId` int(11) NOT NULL AUTO_INCREMENT,
  `twitterUserId` int(11) NOT NULL,
  `tweetCreatedAt` date NOT NULL,
  `tweetText` varchar(280) CHARACTER SET utf8mb4 NOT NULL,
  `tweetDateAdded` date NOT NULL,
  UNIQUE KEY `idtweets_UNIQUE` (`tweetId`),
  KEY `twitterUserId_idx` (`twitterUserId`),
  CONSTRAINT `tweetsTwitterUserId` FOREIGN KEY (`twitterUserId`) REFERENCES `twitterusers` (`twitterUserId`) ON DELETE NO ACTION ON UPDATE NO ACTION
) ENGINE=InnoDB AUTO_INCREMENT=665 DEFAULT CHARSET=utf8;
/*!40101 SET character_set_client = @saved_cs_client */;

--
-- Dumping data for table `tweets`
--

LOCK TABLES `tweets` WRITE;
/*!40000 ALTER TABLE `tweets` DISABLE KEYS */;
INSERT INTO `tweets` VALUES (374,428,'2016-04-11','U21s: The pitch is in great condition ahead of #mufc v Middlesbrough (19:00 BST). It\'s free entry &amp; live on #MUTVHD. https://t.co/ZAd1egaztL','2016-04-11'),(375,429,'2016-04-11','Juan Mata wants an FA Cup trip to Wembley for #mufc - read more in his weekly blog: https://t.co/wEI01ogcaB https://t.co/5Lx6IY1Zgo','2016-04-11'),(376,430,'2016-04-11','You can see more U18s highlights on #MUTVHD at 17:30 BST (UK/IRE): https://t.co/mMHsoKVTo1','2016-04-11'),(377,431,'2016-04-11','U18s: After our 7-1 win over Newcastle on Saturday, see all of the Reds\' goals in 60 seconds... #mufc https://t.co/fadZ1YugQK','2016-04-11'),(378,432,'2016-04-11','U21s - See #mufc for free tonight at OT (19:00 BST) or watch it live on #MUTVHD (UK/IRE): https://t.co/vVB22ACMqr https://t.co/ZijjoRLVHI','2016-04-11'),(379,433,'2016-04-11','U21s - Check out our preview of #mufc v Middlesbrough, with Wayne Rooney set to return: https://t.co/bnRTdB5KOz https://t.co/ozxyrLEYjE','2016-04-11'),(380,434,'2016-04-11','Don\'t forget, the U21s are in action tonight v Middlesbrough. It\'s free entry at Old Trafford so come along! #mufc https://t.co/fA5QgoCjtR','2016-04-11'),(381,435,'2016-04-11','Read Michael Carrick\'s reaction to a disappointing result for #mufc at Spurs: https://t.co/qIjdewYIkH https://t.co/0GEQ8IYTSf','2016-04-11'),(382,436,'2016-04-10','Win or lose, at home or abroad, our fans\' passion never ceases to amaze. Thanks for having us, Brazil. #ILOVEUNITED https://t.co/lUCuGes8BV','2016-04-11'),(383,437,'2016-04-10','#MUTV pundit Paddy Crerand assesses a difficult afternoon for #mufc at White Hart Lane... https://t.co/2ixCVHvUoi','2016-04-11'),(384,438,'2016-04-10','Read the thoughts of the #mufc manager following defeat at Tottenham: https://t.co/lPfFKrmLIX https://t.co/UnK0LN1uBH','2016-04-11'),(385,439,'2016-04-10','FT: Tottenham 3 #mufc 0. A bad day for United as three goals in six second-half minutes win it for the hosts. https://t.co/Q8OZf771wp','2016-04-11'),(386,440,'2016-04-10','90+2\' - Substitution for Tottenham: Ryan Mason comes on for Dele Alli. #mufc','2016-04-11'),(387,441,'2016-04-10','90+2\' - De Gea blocks an effort from Dembele before Alli is booked for simulation. #mufc','2016-04-11'),(388,442,'2016-04-10','88\' - Substitution for Tottenham: Heung-min Son comes on for Harry Kane. #mufc','2016-04-11'),(389,443,'2016-04-10','86\' - Substitution for Tottenham: Nacer Chadli comes on for Erik Lamela. #mufc','2016-04-11'),(390,444,'2016-04-10','84\' - Young fouls Rose and gets a yellow card. #mufc','2016-04-11'),(391,445,'2016-04-10','83\' - Kyle Walker and Memphis are both booked for a coming together off the ball. #mufc','2016-04-11'),(392,446,'2016-04-10','81\' - A Tottenham break ends with Lamela curling his shot wide. #mufc','2016-04-11'),(393,447,'2016-04-10','79\' - Another save from De Gea as he keeps out Alderweireld\'s header from a corner. #mufc','2016-04-11'),(394,448,'2016-04-10','79\' - De Gea makes a fine save to tip Kane\'s header over the bar. #mufc','2016-04-11'),(395,449,'2016-04-10','77\' - Substitution for #mufc: Memphis comes on for Juan Mata.','2016-04-11'),(396,450,'2016-04-10','76\' - Goal. Tottenham 3 #mufc 0. Lamela finishes off a sweeping move, side-footing in from inside the area.','2016-04-11'),(397,451,'2016-04-10','74\' - Goal. Tottenham 2 #mufc 0. Alderweireld rises highest to head in from a free-kick delivery.','2016-04-11'),(398,452,'2016-04-10','73\' - Now Darmian gets booked, for a foul on Kane. #mufc','2016-04-11'),(399,453,'2016-04-10','72\' - Tottenham defender Danny Rose gets a yellow card. #mufc','2016-04-11'),(400,454,'2016-04-10','70\' - Goal. Tottenham 1 #mufc 0. Eriksen sets up Alli to slot in from close range.','2016-04-11'),(401,455,'2016-04-10','68\' - @Timboo95 has had a great game but leaves the pitch with an injury, replaced by @DarmianOfficial. #mufc','2016-04-11'),(402,456,'2016-04-10','66\' - @D_DeGea clears Rose\'s deflected cross well with his leg. #mufc','2016-04-11'),(403,457,'2016-04-10','62\' - A brilliant run from @AnthonyMartial before his shot is well saved by compatriot Hugo Lloris. #mufc\'s best chance so far.','2016-04-11'),(404,458,'2016-04-10','61\' - PIC: @SchneiderlinMo4 brings the ball under control for #mufc. https://t.co/AqBycG0u1X','2016-04-11'),(405,459,'2016-04-10','54\' - Kane turns and shoots on the edge of the box but it\'s straight at @D_DeGea. Still 0-0. #mufc','2016-04-11'),(406,460,'2016-04-10','51\' - @D_DeGea makes two important saves, first keeping out Eriksen and then doing well to hold Dier\'s deflected effort. #mufc','2016-04-11'),(407,461,'2016-04-10','46\' - Tottenham kick off the second half. #mufc have made a change, bringing on @Youngy18 for Marcus Rashford. Come on!','2016-04-11'),(408,462,'2016-04-10','HT: Tottenham 0 #mufc 0. A cagey first half with few clear chances, the best headed wide by Spurs forward Lamela. https://t.co/xc865UmbBC','2016-04-11'),(409,463,'2016-04-10','45+1\' - We\'re into one minute of additional time at the end of the first half. #mufc','2016-04-11'),(410,464,'2016-04-10','31\' - @Timboo95 is having a fine game at the back for #mufc, making two vital interventions to deny Spurs. 0-0. https://t.co/ku1xOkMc5V','2016-04-11'),(411,465,'2016-04-10','29\' - @Timboo95 makes another key block to deny Walker as the hosts pushed forward again. #mufc','2016-04-11'),(412,466,'2016-04-10','28\' - A combination of @D_DeGea and @Timboo95 keep out Kane before Lamela heads a great chance wide from point-blank range. #mufc','2016-04-11'),(413,467,'2016-04-10','26\' - Tottenham midfielder Christian Eriksen has a go from range, with his effort dropping just wide of the far post. #mufc','2016-04-11'),(414,468,'2016-04-10','PIC: @Carras16 challenges Dele Alli in a fierce midfield battle. It\'s 0-0 with 20 minutes gone. #mufc https://t.co/aS6b1Z0qVl','2016-04-11'),(415,469,'2016-04-10','17\' - #DaveSaves: @D_DeGea brilliantly blocks Kane\'s effort, but the Tottenham striker was offside anyway. 0-0. #mufc','2016-04-11'),(416,470,'2016-04-10','#ILOVEUNITED - Here\'s the support for #mufc in Brazil… https://t.co/ZGY7lSAivx','2016-04-11'),(417,471,'2016-04-10','13\' - @BlindDaley\'s dangerous cross into the box is headed away by Dele Alli. Positive stuff from #mufc.','2016-04-11'),(418,472,'2016-04-10','9\' - It\'s been a positive start from #mufc with plenty of possession in the Spurs half, but still 0-0.','2016-04-11'),(419,473,'2016-04-10','1\' - Jesse Lingard and Marcus Rashford get the game under way for #mufc - come on, United! https://t.co/zeKNFQuFiu','2016-04-11'),(420,474,'2016-04-10','Kick-off is moments away! #mufc https://t.co/7tVN5tjEjk','2016-04-11'),(421,475,'2016-04-10','The #mufc players are out warming up ahead of kick-off - remember, it\'s been pushed back to 16:30 BST. https://t.co/FRonKYb6ro','2016-04-11'),(422,476,'2016-04-10','Here\'s our view from pitchside at White Hart Lane... #mufc https://t.co/3UL9bwG2IP','2016-04-11'),(423,477,'2016-04-10','@carpe_diem_9X Nice one!','2016-04-11'),(424,478,'2016-04-10','RT @NRypdal: Cheering United at the White Hart Lane today! @manutd #mufcfanpics #mufcfans #ILOVEUNITED https://t.co/EJ246CR8M6','2016-04-11'),(425,479,'2016-04-10','We can confirm today\'s game v Tottenham will kick-off at 16:30 BST. #mufc','2016-04-11'),(426,480,'2016-04-10','While we wait for kick-off, why not share your score prediction, just like these fans in Brazil at #ILOVEUNITED? https://t.co/RYWhO60vQq','2016-04-11'),(427,481,'2016-04-10','RT @BSchweinsteiger: Top clash against Tottenham today! Let’s build on the recent performances. Keep going, @ManUtd! #mufc','2016-04-11'),(428,482,'2016-04-10','RT @SpursOfficial: UPDATE: Kick-off is now delayed until at least 4.30pm.','2016-04-11'),(429,483,'2016-04-10','Where will you be watching? Share your pictures and videos with #mufcfans.','2016-04-11'),(430,484,'2016-04-10','#mufc fans are arriving at our #ILOVEUNITED event on Copacabana Beach to enjoy today’s game… https://t.co/v1MEhPQInc','2016-04-11'),(431,485,'2016-04-10','RT @SpursOfficial: UPDATE: Kick-off is DELAYED until 4.15pm as the @ManUtd team bus is stuck in traffic.','2016-04-11'),(432,486,'2016-04-10','#mufc make one change from the side that beat Everton last time out, with Fosu-Mensah replacing Darmian in defence.','2016-04-11'),(433,487,'2016-04-10','RT @SpursOfficial: #THFC team: Lloris (C), Walker, Alderweireld, Vertonghen, Rose; Dier, Dembele; Lamela, Eriksen, Alli; Kane #COYS https:/…','2016-04-11'),(434,488,'2016-04-10','#mufc subs: Romero, Darmian, Valencia, Young, Fellaini, Herrera, Memphis.','2016-04-11'),(435,489,'2016-04-10','#mufc XI: De Gea, Fosu-Mensah, Smalling, Blind, Rojo, Schneiderlin, Carrick, Mata, Lingard, Martial, Rashford. https://t.co/ud9rXmJKLx','2016-04-11'),(436,490,'2016-04-10','Find out how you can follow Tottenham v #mufc: https://t.co/ih2i6ycoGx https://t.co/9zQL9lbBS4','2016-04-11'),(437,491,'2016-04-10','#ILOVEUNITED: @QuintonFortune and Dwight Yorke give their thoughts on today\'s game v Spurs... https://t.co/x0zdaTXCux','2016-04-11'),(438,492,'2016-04-10','Dwight Yorke on today\'s game: “It’s come at the right time for us after two fantastic results. We need to kick on.\" https://t.co/DeDS45YxO5','2016-04-11'),(439,493,'2016-04-10','There\'s still time to enter our team predictor competition, with a signed shirt to be won: https://t.co/YhP4Kl8tmE https://t.co/z6PLj8YPCu','2016-04-11'),(440,494,'2016-04-10','#MUTVHD\'s coverage of Tottenham v #mufc starts at 15:00 BST (UK/IRE) - don\'t miss it! https://t.co/VsdPnChdlG https://t.co/sU84jtcySP','2016-04-11'),(441,495,'2016-04-10','Get ready for today\'s game by reading our preview of Spurs v #mufc: https://t.co/FCAiQ5zjwo https://t.co/RfW5Yb5Gqu','2016-04-11'),(442,496,'2016-04-10','#MUTVHD are live from #ILOVEUNITED in Rio, Brazil at 13:00 BST (UK/IRE), with @QuintonFortune &amp; Dwight Yorke. #mufc https://t.co/4gVtK5PabJ','2016-04-11'),(443,497,'2016-04-10','Take a bow, Ashley Young! #mufc https://t.co/C5VMVaJg68','2016-04-11'),(444,498,'2016-04-10','Watch Dwight Yorke and @QuintonFortune enjoy a game of football with local children in Rio… #ILOVEUNITED #mufc https://t.co/MxmJHvo5Tp','2016-04-11'),(445,499,'2016-04-10','Bruce\'s late brace v Sheffield Wednesday was on this day in 1993 - right up among our most vital #OT1000 goals! https://t.co/ZKEz1Tj7E3','2016-04-11'),(446,500,'2016-04-10','Another big game - come on United! #mufc https://t.co/ymhfzdK10u','2016-04-11'),(447,501,'2016-04-10','You\'ll want to watch this... \n\nThe top three Premier League goals scored by #mufc at Old Trafford. #OT1000 https://t.co/etN2c09ZJT','2016-04-11'),(448,502,'2016-04-09','Check out our in-depth preview for all the key info ahead of Tottenham v #mufc on Sunday: https://t.co/lMHGFUeJ7g https://t.co/nRQ709yMzM','2016-04-11'),(449,503,'2016-04-09','Dwight Yorke and @QuintonFortune visited a community project in Rio today - great game! ??⚽️ #ILOVEUNITED #mufc https://t.co/3wzQ3dVHNc','2016-04-11'),(450,504,'2016-04-09','Come down to OT on Monday to support the U21s\' title bid. There\'s free entry, with kick-off at 19:00 BST. #mufc https://t.co/EJzO1vWwIp','2016-04-11'),(451,505,'2016-04-09','See some of the top U21 OT goals from recent years ahead of #mufc v Middlesbrough on Monday: https://t.co/t5pSohhRqJ https://t.co/ee2lxWUb1C','2016-04-11'),(452,506,'2016-04-09','Beckham\'s fine strike sealed a stunning comeback from 3-0 down when we won 5-3 at Spurs in 2001. https://t.co/8Y7S5KB3vV','2016-04-11'),(453,507,'2016-04-09','U18s: Read our report - https://t.co/yTWG7cfsu3 - after #mufc\'s epic 7-1 win. #MUTVHD will show the full game again at 07:30 BST tomorrow.','2016-04-11'),(454,508,'2016-04-09','U21s: Watch live on #MUTVHD as Warren Joyce\'s men continue their quest for the title on Monday night. #mufc https://t.co/AdRoSpP21m','2016-04-11'),(455,509,'2016-04-09','U18s: FT - #mufc 7 Newcastle 1. Boonen (3), Gomes, Dearnley, Kehinde &amp; Reid net in the Reds\' biggest win of 2015/16. https://t.co/FiO79zKIEy','2016-04-11'),(456,510,'2016-04-09','Matteo Darmian: \"Every player wants to play in this type of game and we will go to White Hart Lane to win.\" #mufc https://t.co/nsTya8G4NW','2016-04-11'),(457,511,'2016-04-09','U18s - #mufc face Newcastle today and it\'s live on #MUTVHD from 12:45 BST (UK/IRE): https://t.co/08PW1fEG22 https://t.co/hEVKn16Y4f','2016-04-11'),(458,512,'2016-04-09','Who do you think will start for #mufc at Tottenham? Enter &amp; you could win a signed shirt: https://t.co/4GqjCjVbyN https://t.co/6tEa89okQ4','2016-04-11'),(459,513,'2016-04-09','Find out the latest on Luke Shaw\'s #mufc fitness: https://t.co/Jf8QVcgk0k https://t.co/ZTdBdf5LGL','2016-04-11'),(460,514,'2016-04-09','Have you entered our @D_DeGea gloves competition? We\'re giving away a signed pair: https://t.co/EqQV6rQJZz https://t.co/gH2qznBvdv','2016-04-11'),(461,515,'2016-04-08','Surf’s up! @QuintonFortune and Dwight Yorke are enjoying their time in Brazil for #ILOVEUNITED… #mufc https://t.co/zaKxxxgRuG','2016-04-11'),(462,516,'2016-04-08','Watch the players prepare on the training ground for Sunday\'s game at Spurs. #mufc https://t.co/DHPB8DxzRC','2016-04-11'),(463,517,'2016-04-08','You voted @WayneRooney\'s effort v City as our best ever PL goal at home. \n\nWatch the top 10: https://t.co/7DOrnSsCeY https://t.co/R0ctF1K4Kx','2016-04-11'),(464,518,'2016-04-08','For more quotes from the manager’s pre-match press conference, follow our live blog: https://t.co/Hn7Ll02wdQ #mufc','2016-04-11'),(465,519,'2016-04-08','Van Gaal on the Spurs game: \"We still have to close a gap of one point [to Manchester City], so we must win.\" #mufc','2016-04-11'),(466,520,'2016-04-08','The U21s\' next game is on Monday night v Middlesbrough at Old Trafford. Entry is free &amp; the game is live on #MUTVHD. https://t.co/9sBsrx8EIi','2016-04-11'),(467,521,'2016-04-08','Wayne Rooney has returned to training but will feature for the Under-21s first in a bid to regain fitness. #mufc https://t.co/UXMG1Kpp7M','2016-04-11'),(468,522,'2016-04-08','Louis van Gaal tells #MUTV Ashley Young and Phil Jones are back in contention, while Adnan Januzaj will miss the Spurs game through injury.','2016-04-11'),(469,523,'2016-04-08','Tune in to #MUTVHD at 16:00 BST to watch the manager\'s press conference. https://t.co/ic2tDrzCua #mufc https://t.co/WVy2JPVxbR','2016-04-11'),(470,524,'2016-04-08','Oh, go on... here\'s a Beckham compilation as well! #OT1000 https://t.co/mLmh2Q9gdT','2016-04-11'),(471,525,'2016-04-08','@Taylor_Vision The #OT1000 only features Premier League goals. That one was a belter, though!','2016-04-11'),(472,526,'2016-04-08','Can you predict the #mufc XI to face Spurs? You could win a signed shirt! Enter here: https://t.co/WEBYREXPYL https://t.co/CGb1IwsQEM','2016-04-11'),(473,527,'2016-04-08','#mufc are in the capital on Sunday to face Tottenham - get prepared with our preview: https://t.co/GBmqoQmI6p https://t.co/T5QkWUzP5F','2016-04-11'),(474,528,'2016-04-08','#mufc are in the capital on Sunday to face Tottenham - get prepared with our preview: https://t.co/GBmqoQmI6p https://t.co/T5QkWUzP5F','2016-04-11'),(475,529,'2016-04-08','It was close (52% v 48%) but you voted to see Ronaldo goals over Beckham strikes in today\'s #OT1000 video. Enjoy! https://t.co/g1wdr3HVeb','2016-04-11'),(476,530,'2016-04-08','Superstars all start somewhere. Today our Football In The Community coaches are working with local Under-8s. #mufc https://t.co/G8mocDxWWK','2016-04-11'),(477,531,'2016-04-08','We still love this classic Giggsy goal v #mufc\'s next opponents, Tottenham. https://t.co/XbSWlNrtqG','2016-04-11'),(478,532,'2016-04-08','With only four @PremierLeague home games left, don\'t miss the chance to secure VIP tickets: https://t.co/FsFlTNsO4M https://t.co/Pq27MTqd7w','2016-04-11'),(479,533,'2016-04-08','Last chance to vote for #mufc\'s best home goal in the @PremierLeague. More: https://t.co/mWqK0QQSaY #OT1000 https://t.co/zLFY2QpJda','2016-04-11'),(480,534,'2016-04-08','We\'ll have updates from Louis van Gaal\'s pre-match press conference at around 16:00 BST. #mufc https://t.co/LkBhnCh4il','2016-04-11'),(481,535,'2016-04-07','See #MUTVHD\'s \"Sporting Reds\" with #UFC fighter @M_WilkinsonMMA at 21:00 BST (UK/IRE): https://t.co/kOkGLPsjc4 #mufc https://t.co/XubrKXUWIr','2016-04-11'),(482,536,'2016-04-07','Time\'s running out to vote for the best #mufc @PremierLeague goal at OT: https://t.co/zyE4hd6zem #OT1000 https://t.co/lScS7gS3aw','2016-04-11'),(483,537,'2016-04-07','Which player\'s goals do you want to see featured in Friday\'s #OT1000 video?','2016-04-11'),(484,538,'2016-04-07','Congratulations to @pchalmers_99, our latest #MUquiz winner! Thanks for taking part and see you again next time.','2016-04-11'),(485,539,'2016-04-07','Well done, you’re this week’s #MUquiz champion!  https://t.co/5MWWSJ8Qmo','2016-04-11'),(486,540,'2016-04-07','5) The Reds beat AC Milan in the San Siro in 2010 - which Brazilian player opened the scoring that day for the hosts? #MUquiz','2016-04-11'),(487,541,'2016-04-07','4) In which year did United beat Palmeiras to win the Intercontinental Cup? #MUquiz','2016-04-11'),(488,542,'2016-04-07','3) Which legendary Brazilian hit a hat-trick at Old Trafford in the Champions League in 2003? #MUquiz','2016-04-11'),(489,543,'2016-04-07','2) Andreas Pereira scored his first competitive goal for United earlier this season - who were the opponents? #MUquiz','2016-04-11'),(490,544,'2016-04-07','1) From which club did Brazilian twins Rafael and Fabio da Silva join United? #MUquiz','2016-04-11'),(491,545,'2016-04-07','Here\'s our #MUquiz on United\'s Brazilian connections. Tweet your answers with the hashtag after the last question. https://t.co/OuLiMVZ61h','2016-04-11'),(492,546,'2016-04-07','#mufc + Copacabana Beach = our next #ILOVEUNITED fan party. It\'s happening this Sunday around the Spurs game! https://t.co/Yi7YGpdan7','2016-04-11'),(493,547,'2016-04-07','We gave you a choice for our latest #OT1000 video: goals v Liverpool or City. You voted for Liverpool. Enjoy! https://t.co/xcKvmH7M3h','2016-04-11'),(494,548,'2016-04-07','Students from @MU_Foundation\'s projects were part of the #ThankYouSirBobby tributes at Old Trafford on Sunday. https://t.co/eH8F9yaYOl','2016-04-11'),(495,549,'2016-04-07','Denis Law\'s final game for #mufc was on this day in 1973, so here he is doing what he did best - scoring goals! https://t.co/xoyBJqTJNz','2016-04-11'),(496,550,'2016-04-07','We\'re heading to Brazil this week for #ILOVEUNITED so today\'s #MUquiz is based on Samba stars. Join us at 14:00 BST. https://t.co/BqPlLGamwo','2016-04-11'),(497,551,'2016-04-07','We\'re commemorating the Sir Bobby Charlton Stand unveiling with an exclusive giveaway: https://t.co/i06ybgcho4 https://t.co/N25ZRYoILP','2016-04-11'),(498,552,'2016-04-06','Read our Q&amp;A with Jesse Lingard as he targets a strong finish to the season for #mufc: https://t.co/f0FNNczu5Y https://t.co/EdWYe3FjdD','2016-04-11'),(499,553,'2016-04-06','Speaking on #MUTV, @QuintonFortune has praised @Timboo95\'s impact for #mufc v Everton: https://t.co/hg0mirnrzo https://t.co/wQfzUzbrqv','2016-04-11'),(500,554,'2016-04-06','Come along to the OT Megastore between 2-3pm tomorrow for the chance to meet legendary #mufc skipper @BryanRobson! https://t.co/Dj0qI7pykx','2016-04-11'),(501,555,'2016-04-06','What would you rather see in Thursday\'s #OT1000 video - great goals against Liverpool or top strikes v Man City?','2016-04-11'),(502,556,'2016-04-06','The sides #mufc have scored the most home @PremierLeague goals against &amp; more #OT1000 stats: https://t.co/6C3FYuWHS3 https://t.co/S63kQxiVve','2016-04-11'),(503,557,'2016-04-06','#OT1000: 218 of #mufc\'s Premier League goals scored at OT came from homegrown talents - watch five of the best... https://t.co/oFCurKrkXw','2016-04-11'),(504,558,'2016-04-06','.@SchneiderlinMo4 is happy with his progress at #mufc &amp; says there\'s \"plenty more\" to come: https://t.co/ezmEUbGhE1 https://t.co/SPQZkkl9Ym','2016-04-11'),(505,559,'2016-04-06','\"We know we can rely on each other.\" Smalling enjoying defensive partnership with Blind: https://t.co/VK1V1usMDn https://t.co/QRup0XJU3h','2016-04-11'),(506,560,'2016-04-06','RT @ChevroletFC: Watch as 2015 #ChevroletMascot Alexi describes how her trip to #OldTrafford changed her life!\nhttps://t.co/WAAx5Nr8X9','2016-04-11'),(507,561,'2016-04-06','Is Rooney\'s overhead your favourite #mufc @PremierLeague goal at Old Trafford? Vote: https://t.co/JCJ6q31GDP #OT1000 https://t.co/NgiLdDUrIM','2016-04-11'),(508,562,'2016-04-05','A lovely backheel from James Weir - see more in our latest #mufc skills video, here: https://t.co/GbOpbiAsAs https://t.co/fUED1DlSFh','2016-04-11'),(509,563,'2016-04-05','Have you voted for our greatest home @PremierLeague strike? Get involved: https://t.co/ny41UwlEAk #OT1000 https://t.co/bqyi0SUrrC','2016-04-11'),(510,564,'2016-04-05','U21s: See #mufc take on Middlesbrough at Old Trafford for FREE on Monday 11 April!  More: https://t.co/Pjq0dpAvVK https://t.co/Ic579AoBE5','2016-04-11'),(511,565,'2016-04-05','@Rhumphreys21 ?','2016-04-11'),(512,566,'2016-04-05','@Rhumphreys21 Can\'t argue with that, Ryan!','2016-04-11'),(513,567,'2016-04-05','@paulthesitter Which is your favourite?','2016-04-11'),(514,568,'2016-04-05','We asked for your votes, and you chose to see long-range #mufc strikes - here you go! #OT1000 https://t.co/V7wBEY6cCL','2016-04-11'),(515,569,'2016-04-05','Nicely done ? https://t.co/t38LxaQsWa','2016-04-11'),(516,570,'2016-04-05','Seven players have scored a @PremierLeague goal at OT on their #mufc debut - can you name them all? More stats: https://t.co/frmDHoDnXu','2016-04-11'),(517,571,'2016-04-05','A historic moment! Here\'s your chance to win this special #ThankYouSirBobby memorabilia: https://t.co/zAImwv5Hr8 https://t.co/6Kmqx8ycqM','2016-04-11'),(518,572,'2016-04-05','See @UFC star @M_WilkinsonMMA on #MUTVHD\'s \"Sporting Reds\", Thursday at 21:00 BST (UK/IRE): https://t.co/WzyVqQzIyv https://t.co/mOTVatbsI7','2016-04-11'),(519,573,'2016-04-05','#mufc\'s game away to Norwich City on Saturday 7 May will kick off at 12:45 BST.','2016-04-11'),(520,574,'2016-04-05','Despite an injury-hit campaign, it\'s been a solid season for #mufc\'s defence: https://t.co/LOZLl9f0V4 https://t.co/KxAJNmUlVk','2016-04-11'),(521,575,'2016-04-05','RT @youngy18: Enjoyed playing last night, was brilliant to see nearly 10,000 people at the game https://t.co/C0rh6e8mwt','2016-04-11'),(522,576,'2016-04-05','You can meet #mufc legend @BryanRobson at a special OT Megastore event on Thursday between 2-3pm - don\'t miss it! https://t.co/s0mnw84Prg','2016-04-11'),(523,577,'2016-04-05','Not long left to vote in our poll - which goals do you want to see? #OT1000','2016-04-11'),(524,578,'2016-04-05','Herrera: \"We are Manchester United and we\'re obligated to fight until the end.\" \n\nMore: https://t.co/gNHhLRTLs4 https://t.co/NSF4e7m5HW','2016-04-11'),(525,579,'2016-04-05','On this day in 2009... #mufc https://t.co/lvG1pKlFsh','2016-04-11'),(526,580,'2016-04-04','U21s: #mufc\'s next game is v Middlesbrough at OT next Monday. There\'s free entry so come and support the lads! https://t.co/jbEUJZbs1e','2016-04-11'),(527,581,'2016-04-04','.@Youngy18 played the full game, working tirelessly in attack, while @PhilJones4 got 76 minutes under his belt. https://t.co/vXMqrjfHQT','2016-04-11'),(528,582,'2016-04-04','U21s: FT - #mufc 1 Chelsea 1. James Weir\'s 61st-minute strike earns a point as the Reds produce a much-improved display in the second half.','2016-04-11'),(529,583,'2016-04-04','U21s: HT - #mufc 0 Chelsea 1. The Reds have been unable to respond to Kasey Palmer\'s fine free-kick opener and trail at the break.','2016-04-11'),(530,584,'2016-04-04','U21s - #MUTVHD\'s live coverage of #mufc v Chelsea starts at 19:00 BST (UK/IRE): https://t.co/wIpg9Fwytw https://t.co/h5OUFZVlWN','2016-04-11'),(531,585,'2016-04-04','U21s: #mufc v Chelsea substitutes - J. Pereira, El Fitouri, Rothwell, Redmond, McTominay.','2016-04-11'),(532,586,'2016-04-04','U21s: #mufc v Chelsea - Johnstone, Riley, Williams, Jones, Borthwick-Jackson, McNair, Love, Varela, Young, A. Pereira, Weir.','2016-04-11'),(533,587,'2016-04-04','U21s: Phil Jones and Ashley Young are both in the #mufc squad to face Chelsea tonight. Full team news to come. https://t.co/dNXrqfRo8d','2016-04-11'),(534,588,'2016-04-04','@pulkit97nagar 19:45 BST.','2016-04-11'),(535,589,'2016-04-04','U21s: See #mufc v Chelsea live on #MUTVHD (UK/IRE) - https://t.co/mMHsoLdufz - or come and watch it for free at OT! https://t.co/U5BnWPXlHB','2016-04-11'),(536,590,'2016-04-04','@TheAppellant Just walk up on the night!','2016-04-11'),(537,591,'2016-04-04','.@JuanMata8 welcomes @LukeShaw23 back to #mufc training: https://t.co/z8DOBqyDkj https://t.co/q58D8xPVou','2016-04-11'),(538,592,'2016-04-04','#OT1000 - the top scorers and creators.\n\nCheck out more stats: https://t.co/0qbo2B6AMS https://t.co/M6SGjU4uQh','2016-04-11'),(539,593,'2016-04-04','Free-kicks, long-range efforts or volleys - what do you want to see in Tuesday\'s #OT1000 top-10 video?','2016-04-11'),(540,594,'2016-04-04','#OT1000 - Take a look at 10 of the most important @PremierLeague goals #mufc have scored at Old Trafford... https://t.co/FtZmyuyElQ','2016-04-11'),(541,595,'2016-04-04','#OT1000 - Which is the best of our 1000 home @PremierLeague strikes? Watch and vote: https://t.co/Cq03FlvObj https://t.co/sYBUTGr7tb','2016-04-11'),(542,596,'2016-04-04','Best way to start the week? How about 6 hours of #OT1000 strikes on #MUTVHD from 12:00 BST! https://t.co/ZL5Q0ZoNaf https://t.co/RRZTXVOYCw','2016-04-11'),(543,597,'2016-04-04','Can\'t make it to the game? #MUTVHD has live coverage from 19:00 BST (UK/IRE): https://t.co/mMHsoKVTo1 #mufc https://t.co/03tZW6xpDw','2016-04-11'),(544,598,'2016-04-04','U21s - All fans can get free entry to #mufc v Chelsea tonight at OT (19:45 BST). Preview: https://t.co/lAFbe6kD9w https://t.co/N785S8yCOB','2016-04-11'),(545,599,'2016-04-04','Victory v Everton, praising Sir Bobby &amp; looking to #mufc\'s future - read @JuanMata8\'s blog: https://t.co/nEmOW4cNsD https://t.co/JUJrfb3d8Z','2016-04-11'),(546,600,'2016-04-04','RT @AnthonyMartial: Really proud to have scored @ManUtd 1000th @premierleague yesterday.Thanks again for your great support! #manchester ht…','2016-04-11'),(547,601,'2016-04-04','Have you seen this? Plenty of great strikes in here, and now you can vote for the best: https://t.co/Cq03FlvObj https://t.co/IzhzGkEfyI','2016-04-11'),(548,602,'2016-04-04','...and then watch @AnthonyMartial score our 1000th Old Trafford PL strike here: https://t.co/Kr63X4ctmj #OT1000 https://t.co/kc6UaB1EEn','2016-04-11'),(549,603,'2016-04-04','#OT1000 - See Denis Irwin net #mufc\'s first-ever home goal in the @PremierLeague: https://t.co/K2ysgEoJPW... https://t.co/7efODKfZtR','2016-04-11'),(550,604,'2016-04-04','Check out our detailed infographic as we break down #mufc\'s #OT1000 goals: https://t.co/frmDHoDnXu https://t.co/dUrcazXJXD','2016-04-11'),(551,605,'2016-04-04','Duncan Edwards made the first of his 177 #mufc appearances on this day in 1953. Read more: https://t.co/WrhDXllr19 https://t.co/OhI5u3pam0','2016-04-11'),(552,606,'2016-04-03','#ThankYouSirBobby, 1000 home PL goals &amp; a crucial win - read more on a fine day for #mufc: https://t.co/5YUDszyqIL https://t.co/fs0LQDOPuk','2016-04-11'),(553,607,'2016-04-03','Win a matchworn shirt signed by the scorer of our 1000th OT PL goal, @AnthonyMartial! Enter: https://t.co/pu8nAPT0R9 https://t.co/KJhWVfZKBp','2016-04-11'),(554,608,'2016-04-03','RT @DarmianOfficial: well done on sir bobby charlton\'s day!! ?⚽️ #gloryglorymanunited #MUFC https://t.co/rDeW9JZrgz','2016-04-11'),(555,609,'2016-04-03','Read the thoughts of @JuanMata8, who\'s praised #mufc matchwinner @AnthonyMartial: https://t.co/bJYxdv7HVh https://t.co/lKPCMPt4fx','2016-04-11'),(556,610,'2016-04-03','RT @PatCrerand: Majestic player absolutely effortless footballer. So elegant and a pleasure to play in the same team','2016-04-11'),(557,611,'2016-04-03','RT @PatCrerand: Great day for Bobby fantastic career and he was so humble and a bit embarrassed by all the attention.','2016-04-11'),(558,612,'2016-04-03','RT @QuintonFortune: @ManUtd fans singing #SirBobbyCharlton\'s name before the game #brilliant ?????? #sirbobbycharltonstand #legend https://…','2016-04-11'),(559,613,'2016-04-03','RT @D_DeGea: 3 points in a special day. Thanks #SirBobby for your good example. Un día especial. Gracias Sir Bobby Charlton. https://t.co/o…','2016-04-11'),(560,614,'2016-04-03','RT @BlindDaley: Great win, a special day for the legend Sir Bobby. ? #MUFC https://t.co/EpRbdBnsqo','2016-04-11'),(561,615,'2016-04-03','RT @juanmata8: Great win on Sir Bobby Charlton\'s Day! ?? @ManUtd https://t.co/pqTFbup1JX','2016-04-11'),(562,616,'2016-04-03','RT @youngy18: Stadium looked amazing before the game, pleased we could get the win on Sir Bobby\'s Special Day #Legend ???','2016-04-11'),(563,617,'2016-04-03','RT @AnderHerrera: Good day at Old Trafford https://t.co/XXpeN4MVrR','2016-04-11'),(564,618,'2016-04-03','Sir Bobby Charlton, we salute you! #ThankYouSirBobby https://t.co/uPmmYOgc6C','2016-04-11'),(565,619,'2016-04-03','Were you one of the lucky 13 fans to find a signed Sir Bobby print in your copy of #UnitedReview? Share your pics with #ThankYouSirBobby.','2016-04-11'),(566,620,'2016-04-03','RT @marcosrojo5: Tres importantes puntos! Seguimos luchando ? gracias por su apoyo ☝ #LetsGoUnited #RojoIsRed #ManUtd https://t.co/1VbVWSN5…','2016-04-11'),(567,621,'2016-04-03','Van Gaal admits it wasn\'t #mufc\'s best display but he\'s pleased with an important win. More: https://t.co/gEWKYYOJLc https://t.co/cs04JCLdIb','2016-04-11'),(568,622,'2016-04-03','Relive the key action from today\'s victory over Everton with our \"Story of the Match\"... #mufc https://t.co/9OjirI3HVe','2016-04-11'),(569,623,'2016-04-03','RT @ElgatoPereira1: A tribute to Sir Bobby Charlton. Also a good win for the team!\n\n@ManUtd @premierleague https://t.co/LoU9JzkKv3','2016-04-11'),(570,624,'2016-04-03','RT @vancole9: Win keeps the top 4 insight! @AnthonyMartial with another goal ⚽️✌?️','2016-04-11'),(571,625,'2016-04-03','RT @ChrisSmalling: Good win today and team spirit to make sure we came away with a clean sheet! @ManUtd  #mufc https://t.co/5Whjp3vtHG','2016-04-11'),(572,626,'2016-04-03','See all 1000 #mufc PL goals at Old Trafford on #MUTVHD from 12:00 BST (UK/IRE) tomorrow: https://t.co/TrIBk8p8Ux https://t.co/tIfqXIPCE3','2016-04-11'),(573,627,'2016-04-03','It was a landmark day as #mufc reached 1000 home @PremierLeague goals - see some of the best... #OT1000 https://t.co/GS52ZBhG1h','2016-04-11'),(574,628,'2016-04-03','It was a landmark day as #mufc reached 1000 home @PremierLeague goals - see some of the best... #OT1000 https://t.co/GS52ZBhG1h','2016-04-11'),(575,629,'2016-04-03','Louis van Gaal: \"When you see the standing ovation for Sir Bobby... I had some tears in my eyes.\" #ThankYouSirBobby https://t.co/biH7tZwuxj','2016-04-11'),(576,630,'2016-04-03','He got the winner and he\'s been voted as #mufc\'s Man of the Match v Everton - well done to @AnthonyMartial! https://t.co/8kye9KDLWC','2016-04-11'),(577,631,'2016-04-03','.@JuanMata8 on #mufc\'s goal: \"Marcus and Timothy did great, and Anthony is always dangerous in the box. It was a great team play.\"','2016-04-11'),(578,632,'2016-04-03','See matchwinner @AnthonyMartial as he\'s congratulated at full-time and hear @PatCrerand\'s post-match thoughts... https://t.co/XuLpR9w8PM','2016-04-11'),(579,633,'2016-04-03','RT @BSchweinsteiger: Great win and very important three points for @ManUtd. Congrats on this performance, lads! ? #mufc https://t.co/0AWQCx…','2016-04-11'),(580,634,'2016-04-03','The boss on @BlindDaley, who came off late on: \"I will give him two days off this week and then he will be okay again.\" #mufc','2016-04-11'),(581,635,'2016-04-03','Van Gaal: \"I said before the game we have to give a victory to Sir Bobby - he deserves it. He was very pleased in the dressing room!\" #mufc','2016-04-11'),(582,636,'2016-04-03','\"I\'m very happy with the victory,\" says Louis van Gaal. \"We have played better in other games but we won &amp; that\'s the most important thing.\"','2016-04-11'),(583,637,'2016-04-03','Another key goal from @AnthonyMartial! https://t.co/Isn10q5C1V','2016-04-11'),(584,638,'2016-04-03','Retweet to vote for @ChrisSmalling as #mufc\'s Man of the Match v Everton. https://t.co/nIVrD2PqYZ','2016-04-11'),(585,639,'2016-04-03','Retweet to vote for @JuanMata8 as #mufc\'s Man of the Match v Everton. https://t.co/0yDDJGP6QJ','2016-04-11'),(586,640,'2016-04-03','Retweet to vote for @AnthonyMartial as #mufc\'s Man of the Match v Everton. https://t.co/Nq7WiFdqVZ','2016-04-11'),(587,641,'2016-04-03','The contenders are in for the #MUTV Man of the Match award...','2016-04-11'),(588,642,'2016-04-03','FT: #mufc 1 Everton 0. Martial nets United\'s 1000th home @PremierLeague goal to seal a big win in the top-four race. https://t.co/KsiSopsdI4','2016-04-11'),(589,643,'2016-04-03','90+2\' - Jesse Lingard gets a yellow card. 1-0. #mufc','2016-04-11'),(590,644,'2016-04-03','90+1\' - There will be four added minutes at the end of the game. Come on, #mufc! 1-0.','2016-04-11'),(591,645,'2016-04-03','87\' - Substitution for Everton: Oumar Niasse replaces Ross Barkley. 1-0. #mufc','2016-04-11'),(592,646,'2016-04-03','86\' - @Timboo95 makes a crucial clearance from Coleman\'s low cross as Everton threatened. 1-0. #mufc','2016-04-11'),(593,647,'2016-04-03','83\' - #DaveSaves again - @D_DeGea makes a smart reaction stop from Jagielka to preserve #mufc\'s lead. 1-0.','2016-04-11'),(594,648,'2016-04-03','82\' - Substitution for #mufc: @Anto_V25 comes on for @BlindDaley, who seems to have a knock after an excellent game at the back. 1-0.','2016-04-11'),(595,649,'2016-04-03','81\' - PIC: Marcus Rashford fends off the challenge of Phil Jagielka. 1-0 #mufc https://t.co/iWJ94RziEf','2016-04-11'),(596,650,'2016-04-03','66\' - #mufc are looking lively now, with the Reds pressing forward in search of a second goal. 1-0.','2016-04-11'),(597,651,'2016-04-03','62\' - Substitution for Everton: Kevin Mirallas comes on for Gerard Deulofeu. 1-0. #mufc','2016-04-11'),(598,652,'2016-04-03','61\' - Chris Smalling is booked for a foul on Everton defender John Stones. 1-0. #mufc','2016-04-11'),(599,653,'2016-04-03','PIC: #mufc celebrate after @AnthonyMartial\'s opener. It\'s 1-0 to the Reds as we approach the hour mark. https://t.co/u8ErTXlTll','2016-04-11'),(600,654,'2016-04-03','58\' - Substitution for #mufc: @AnderHerrera comes on for @Carras16.','2016-04-11'),(601,655,'2016-04-03','56\' - Everton go close as Jagielka\'s powerful header rattles the crossbar. 1-0. #mufc','2016-04-11'),(602,656,'2016-04-03','.@AnthonyMartial\'s strike was #mufc\'s 1000th @PremierLeague goal at Old Trafford! https://t.co/WxvAiLjj9x','2016-04-11'),(603,657,'2016-04-03','Rashford\'s backheel was collected by @timboo95, whose low cross was turned in at the back post by @AnthonyMartial. Get in!','2016-04-11'),(604,658,'2016-04-03','54\' - GOAL! #mufc 1 Everton 0. @AnthonyMartial scores! https://t.co/V3ps866fD9','2016-04-11'),(605,659,'2016-04-03','49\' - @BlindDaley makes a vital block to deflect Lukaku\'s effort wide. 0-0. #mufc','2016-04-11'),(606,660,'2016-04-03','RT @IamMSilvestre: Sir Bobby Charlton ...A true gentleman and a great inspiration ! #ThankYouSirBobby #MUFC','2016-04-11'),(607,661,'2016-04-03','46\' - Everton kick off the second half. #mufc have brought on Timothy Fosu-Mensah for Marcos Rojo.','2016-04-11'),(608,662,'2016-04-03','Congratulations to on-loan #mufc striker Ashley Fletcher, who scored as Barnsley won the Johnstone\'s Paint Trophy! https://t.co/4wHxrwAc5T','2016-04-11'),(609,663,'2016-04-03','The Sir Bobby Charlton Stand is unveiled at Old Trafford. #ThankYouSirBobby https://t.co/Qx2XaEuTut','2016-04-11'),(610,664,'2016-04-03','HT: #mufc 0 Everton 0. A cagey first half at Old Trafford, with Martial going closest to breaking the deadlock. https://t.co/2wm7PqTPFN','2016-04-11'),(611,665,'2016-04-03','45+1\' - We\'re into one minute of additional time at the end of the first half. 0-0. #mufc','2016-04-11'),(612,666,'2016-04-03','Old Trafford paid tribute to the #mufc legend with a mosaic before kick-off. #ThankYouSirBobby https://t.co/cUAojPfHFR','2016-04-11'),(613,667,'2016-04-03','31\' - It was a vital intervention from @D_DeGea, with Lukaku through one-on-one. 0-0. #mufc https://t.co/IIdXjYduj4','2016-04-11'),(614,668,'2016-04-03','26\' - @D_DeGea is out off his line quickly to brilliantly get in and clear the ball away from Lukaku. 0-0. #mufc','2016-04-11'),(615,669,'2016-04-03','20\' - PIC: @JuanMata8 in action for #mufc against fellow Spaniard Gerard Deulofeu. 0-0. https://t.co/4BpWRNpL4u','2016-04-11'),(616,670,'2016-04-03','17\' - Close from @AnthonyMartial! The #mufc no.9\'s fierce effort is deflected inches wide of the far post. 0-0.','2016-04-11'),(617,671,'2016-04-03','16\' - Both sides have been pushing forward during the opening stages but no clear-cut chances yet. 0-0. #mufc','2016-04-11'),(618,672,'2016-04-03','#ThankYouSirBobby https://t.co/S43axxxBYW','2016-04-11'),(619,673,'2016-04-03','RT @TomLaheyCUA: Incredible scenes at Old Trafford before kick-off. #ThankYouSirBobby https://t.co/MGEB8rUp7v','2016-04-11'),(620,674,'2016-04-03','1\' - Marcus Rashford and Jesse Lingard get the game under way for #mufc - come on, United! https://t.co/kffutRg5zG','2016-04-11'),(621,675,'2016-04-03','A United icon, pure and simple. #ThankYouSirBobby https://t.co/8Lk6GHjwFg','2016-04-11'),(622,676,'2016-04-03','The flags are raised and the mosaic is formed as #mufc fans pay tribute to the legend that is Sir Bobby Charlton! #ThankYouSirBobby','2016-04-11'),(623,677,'2016-04-03','Kick-off is just under 15 minutes away and the #mufc players are out warming up at Old Trafford... https://t.co/2IvJvXBgA8','2016-04-11'),(624,678,'2016-04-03','RT @RupaRedDevil: Come on reds @manutd ????❤️ #mufcfans https://t.co/nwP6WwGok3','2016-04-11'),(625,679,'2016-04-03','RT @maximustutty: Come on u reds #mufcfans https://t.co/meJNGozBtm','2016-04-11'),(626,680,'2016-04-03','RT @BSchweinsteiger: A very important home game against Everton today. Good luck, @ManUtd! #mufc','2016-04-11'),(627,681,'2016-04-03','One #mufc legend hails another as Sir Alex Ferguson pays tribute to Sir Bobby Charlton on #MUTVHD #ThankYouSirBobby https://t.co/6aTPGqvObz','2016-04-11'),(628,682,'2016-04-03','RT @Nialltu3: Come on United #mufcfans https://t.co/HJlc0Vn3ao','2016-04-11'),(629,683,'2016-04-03','@KhalidAgger Awesome!','2016-04-11'),(630,684,'2016-04-03','@GMakoloni Love it, happy birthday!','2016-04-11'),(631,685,'2016-04-03','RT @1975aesthxtic: Lovely day at Old Trafford today! Come on you reds ⚽️? #mufcfans https://t.co/JfusGZMgjb','2016-04-11'),(632,686,'2016-04-03','#mufc are unchanged from the team that won away to Man City, with Ashley Young back in the squad for the first time since 17 January.','2016-04-11'),(633,687,'2016-04-03','RT @Everton: TEAM NEWS: Here is how the Blues line up against @ManUtd this afternoon (4pm k/o). #MUFCvEFC https://t.co/bWKoIO1yOP','2016-04-11'),(634,688,'2016-04-03','#mufc subs: Romero, Fosu-Mensah, Valencia, Young, Fellaini, Herrera, Memphis.','2016-04-11'),(635,689,'2016-04-03','#mufc XI: De Gea, Darmian, Smalling, Blind, Rojo, Schneiderlin, Carrick, Lingard, Mata, Martial, Rashford. https://t.co/WNwV2has2a','2016-04-11'),(636,690,'2016-04-03','The #mufc players have arrived - team news is coming up at 15:00 BST... https://t.co/JhEBvO1OSi','2016-04-11'),(637,691,'2016-04-03','@Sadikshya_ Let\'s go!','2016-04-11'),(638,692,'2016-04-03','@nadenesque Great stuff!','2016-04-11'),(639,693,'2016-04-03','@MousaMUTD Nice!','2016-04-11'),(640,694,'2016-04-03','@ThomandIdirRule Awesome, thanks for your support!','2016-04-11'),(641,695,'2016-04-03','RT @AllanBoden: @ManUtd in the #TheatreOfDreams ready for #ThankYouSirBobby #mufcfans https://t.co/kMBT4swab7','2016-04-11'),(642,696,'2016-04-03','Check out the tunes on today\'s #OTplaylist... https://t.co/q9e5kLKr1k','2016-04-11'),(643,697,'2016-04-03','Ready to celebrate a legend! #ThankYouSirBobby\n\nWhere are you watching? Share your pics or videos with #mufcfans. https://t.co/9kGCddm3PI','2016-04-11'),(644,698,'2016-04-03','Get your copy of today\'s #UnitedReview, which includes a special #ThankYouSirBobby pull-out: https://t.co/USmIdpPr0E https://t.co/6OKw1oAs5Q','2016-04-11'),(645,699,'2016-04-03','There\'s still time to predict today\'s #mufc starting XI, with a signed shirt up for grabs: https://t.co/89AA8O3weA https://t.co/WhjCFrOEbz','2016-04-11'),(646,700,'2016-04-03','Plenty of guests here for the #ThankYouSirBobby lunch - including the great man himself! #mufc https://t.co/yhboCkfyxi','2016-04-11'),(647,701,'2016-04-03','Giggsy\'s final OT strike came against Everton in 2013. #mufc https://t.co/UWHhalq4hz','2016-04-11'),(648,702,'2016-04-03','Sir Bobby: “I’m so happy to have been given this very great honour. Without United I don’t know what I’d have done.” #ThankYouSirBobby','2016-04-11'),(649,703,'2016-04-03','Our live blog has coverage of today\'s #ThankYouSirBobby tributes, including a message from Prince William: https://t.co/wdHW8ZjLhO','2016-04-11'),(650,704,'2016-04-03','Everyone\'s talking about Sir Bobby! #ThankYouSirBobby #mufc','2016-04-11'),(651,705,'2016-04-03','It\'s good to be home... #mufc https://t.co/XuZXHdFJ5w','2016-04-11'),(652,706,'2016-04-03','#MUTV\'s coverage includes crosses to Old Trafford\'s #ThankYouSirBobby lunch, hosted by @RachelRileyRR. https://t.co/qdzcaAv1CX','2016-04-11'),(653,707,'2016-04-03','#mufc v Everton kicks off at 16:00 BST - get prepared with our in-depth preview: https://t.co/Zgsfxt4EPo https://t.co/SIRJ9gy7cb','2016-04-11'),(654,708,'2016-04-03','Find out how you can follow a busy day at Old Trafford: https://t.co/ih2i6ycoGx https://t.co/GrXcWq7kGm','2016-04-11'),(655,709,'2016-04-03','Thunderous from Charlton! #ThankYouSirBobby https://t.co/FxG1p0e9In','2016-04-11'),(656,710,'2016-04-03','#MUTVHD has live coverage of today\'s Sir Bobby tributes ahead of #mufc v Everton: https://t.co/evOtScKs8a https://t.co/mviF5sq2qs','2016-04-11'),(657,711,'2016-04-03','If you\'re coming to today\'s game, you could feature in our #ThankYouSirBobby mosaic. More: https://t.co/GZRKmYTbaS https://t.co/d2yAeykT0f','2016-04-11'),(658,712,'2016-04-03','Today we say #ThankYouSirBobby as the South Stand is renamed - retweet &amp; show your appreciation for a United legend! https://t.co/Kut8jMqEUY','2016-04-11'),(659,713,'2016-04-03','And we\'re back... \n\n#mufc host Everton at 16:00 BST. Come on! https://t.co/6j8T26Khkc','2016-04-11'),(660,714,'2016-04-02','Read team news, key stats and more in our #mufc v Everton preview: https://t.co/BHZ6qAsbFs https://t.co/nEz9wlgEO2','2016-04-11'),(661,715,'2016-04-02','The tributes to Sir Bobby keep rolling in. #ThankYouSirBobbyCharlton https://t.co/MX6nHHUrWs','2016-04-11'),(662,716,'2016-04-02','\"What a stunning goal!\" #mufc https://t.co/wncCvTsopz','2016-04-11'),(663,717,'2016-04-02','Will you find a #ThankYouSirBobby signed print in Sunday\'s #UnitedReview? More details: https://t.co/0gUr2RBqnX https://t.co/bQVoSOxpyr','2016-04-11'),(664,718,'2016-04-02','Hear big-name Reds on Sir Bobby\'s lasting impact at United... #ThankYouSirBobby https://t.co/zbSoGlHuSl','2016-04-11');
/*!40000 ALTER TABLE `tweets` ENABLE KEYS */;
UNLOCK TABLES;

--
-- Table structure for table `tweettwitterhashtags`
--

DROP TABLE IF EXISTS `tweettwitterhashtags`;
/*!40101 SET @saved_cs_client     = @@character_set_client */;
/*!40101 SET character_set_client = utf8 */;
CREATE TABLE `tweettwitterhashtags` (
  `tweetTwitterHashtagId` int(11) NOT NULL AUTO_INCREMENT,
  `tweetTwitterHashtagTweetId` int(11) NOT NULL,
  `tweetTwitterHashtagTwitterHashtagId` int(11) NOT NULL,
  `tweetTwitterHashtagStartPoint` int(11) NOT NULL,
  `tweetTwitterHashtagEndPoint` int(11) NOT NULL,
  PRIMARY KEY (`tweetTwitterHashtagId`),
  UNIQUE KEY `tweetTwitterHashtagId_UNIQUE` (`tweetTwitterHashtagId`),
  KEY `tweetTwitterHashtagTweetId_idx` (`tweetTwitterHashtagTweetId`),
  KEY `tweetTwitterHashtagTwitterHashtagId_idx` (`tweetTwitterHashtagTwitterHashtagId`),
  CONSTRAINT `tweetTwitterHashtagTweetId` FOREIGN KEY (`tweetTwitterHashtagTweetId`) REFERENCES `tweets` (`tweetId`) ON DELETE NO ACTION ON UPDATE NO ACTION,
  CONSTRAINT `tweetTwitterHashtagTwitterHashtagId` FOREIGN KEY (`tweetTwitterHashtagTwitterHashtagId`) REFERENCES `twitterhashtags` (`twitterHashtagId`) ON DELETE NO ACTION ON UPDATE NO ACTION
) ENGINE=InnoDB AUTO_INCREMENT=1388 DEFAULT CHARSET=utf8;
/*!40101 SET character_set_client = @saved_cs_client */;

--
-- Dumping data for table `tweettwitterhashtags`
--

LOCK TABLES `tweettwitterhashtags` WRITE;
/*!40000 ALTER TABLE `tweettwitterhashtags` DISABLE KEYS */;
INSERT INTO `tweettwitterhashtags` VALUES (437,374,141,112,119),(438,374,142,112,119),(439,375,143,46,51),(440,376,144,36,43),(441,377,145,96,101),(442,378,146,72,79),(443,378,147,72,79),(444,379,148,32,37),(445,380,149,109,114),(446,381,150,62,67),(447,382,151,103,115),(448,383,152,62,67),(449,383,153,62,67),(450,384,154,25,30),(451,385,155,16,21),(452,386,156,71,76),(453,387,157,83,88),(454,388,158,73,78),(455,389,159,73,78),(456,390,160,47,52),(457,391,161,82,87),(458,392,162,64,69),(459,393,163,84,89),(460,394,164,66,71),(461,395,165,23,28),(462,396,166,24,29),(463,397,167,24,29),(464,398,168,51,56),(465,399,169,56,61),(466,400,170,24,29),(467,401,171,104,109),(468,402,172,64,69),(469,403,173,100,105),(470,404,174,62,67),(471,405,175,93,98),(472,406,176,121,126),(473,407,177,42,47),(474,408,178,16,21),(475,409,179,79,84),(476,410,180,54,59),(477,411,181,90,95),(478,412,182,124,129),(479,413,183,118,123),(480,414,184,96,101),(481,415,185,112,117),(482,415,186,112,117),(483,416,187,38,43),(484,416,188,38,43),(485,417,189,98,103),(486,418,190,37,42),(487,419,191,66,71),(488,420,192,26,31),(489,421,193,4,9),(490,422,194,53,58),(491,424,195,90,102),(492,424,196,90,102),(493,424,197,90,102),(494,425,198,68,73),(495,426,199,99,111),(496,427,200,117,122),(497,429,201,64,73),(498,430,202,31,43),(499,430,203,31,43),(500,432,204,0,5),(501,433,205,126,131),(502,433,206,126,131),(503,434,207,0,5),(504,435,208,0,5),(505,436,209,40,45),(506,437,210,0,12),(507,440,211,34,39),(508,440,212,34,39),(509,441,213,61,66),(510,442,214,114,119),(511,442,215,114,119),(512,442,216,114,119),(513,443,217,26,31),(514,444,218,105,110),(515,444,219,105,110),(516,445,220,97,104),(517,446,221,35,40),(518,447,222,99,106),(519,447,223,99,106),(520,448,224,73,78),(521,449,225,106,111),(522,449,226,106,111),(523,450,227,106,111),(524,451,228,60,65),(525,453,229,78,85),(526,453,230,78,85),(527,454,231,102,107),(528,454,232,102,107),(529,455,233,11,16),(530,456,234,108,113),(531,457,235,51,58),(532,457,236,51,58),(533,458,237,32,37),(534,459,238,35,40),(535,461,239,96,101),(536,461,240,96,101),(537,462,241,77,82),(538,464,242,109,114),(539,465,243,110,115),(540,466,244,112,119),(541,467,245,107,112),(542,468,246,21,26),(543,469,247,97,102),(544,469,248,97,102),(545,470,249,51,58),(546,471,250,19,26),(547,472,251,20,25),(548,473,252,0,5),(549,474,253,0,5),(550,475,254,92,99),(551,476,255,109,114),(552,477,256,41,46),(553,479,257,100,107),(554,479,258,100,107),(555,480,259,89,94),(556,481,260,111,116),(557,481,261,111,116),(558,481,262,111,116),(559,482,263,97,104),(560,482,264,97,104),(561,483,265,61,68),(562,484,266,45,52),(563,485,267,30,37),(564,486,268,118,125),(565,487,269,76,83),(566,488,270,94,101),(567,489,271,110,117),(568,490,272,78,85),(569,491,273,11,18),(570,492,274,36,48),(571,492,275,36,48),(572,493,276,36,43),(573,494,277,57,74),(574,495,278,27,32),(575,496,279,62,69),(576,496,280,62,69),(577,498,281,84,89),(578,499,282,70,75),(579,499,283,70,75),(580,500,284,87,92),(581,501,285,40,47),(582,502,286,82,89),(583,502,287,82,89),(584,503,288,16,21),(585,503,289,16,21),(586,504,290,48,53),(587,506,291,80,92),(588,506,292,80,92),(589,507,293,109,116),(590,507,294,109,116),(591,508,295,59,64),(592,509,296,98,105),(593,510,297,10,15),(594,514,298,86,93),(595,514,299,86,93),(596,516,300,63,68),(597,517,301,58,75),(598,518,302,33,40),(599,519,303,0,5),(600,520,304,61,66),(601,522,305,13,18),(602,523,306,68,75),(603,525,307,23,28),(604,526,308,6,11),(605,528,309,11,16),(606,529,310,11,16),(607,530,311,34,39),(608,530,312,34,39),(609,531,313,6,11),(610,532,314,6,11),(611,533,315,50,55),(612,535,316,34,41),(613,535,317,34,41),(614,537,318,41,46),(615,538,319,0,7),(616,539,320,81,88),(617,540,321,71,76),(618,540,322,71,76),(619,541,323,0,7),(620,542,324,68,75),(621,542,325,68,75),(622,543,326,102,107),(623,543,327,102,107),(624,544,328,38,43),(625,545,329,55,60),(626,546,330,125,136),(627,548,331,104,111),(628,549,332,30,35),(629,549,333,30,35),(630,550,334,60,67),(631,550,335,60,67),(632,551,336,41,46),(633,552,337,88,93),(634,552,338,88,93),(635,554,339,86,91),(636,554,340,86,91),(637,555,341,47,52),(638,558,342,123,130),(639,558,343,123,130),(640,558,344,123,130),(641,558,345,123,130),(642,559,346,47,56),(643,560,347,69,74),(644,562,348,110,117),(645,564,349,35,52),(646,565,350,119,136),(647,565,351,119,136),(648,566,352,110,117),(649,566,353,110,117),(650,566,354,110,117),(651,567,355,26,31),(652,568,356,89,94),(653,571,357,105,110),(654,572,358,47,54),(655,572,359,47,54),(656,573,360,96,103),(657,573,361,96,103),(658,574,362,96,103),(659,574,363,96,103),(660,575,364,98,115),(661,576,365,41,46),(662,577,366,15,20),(663,579,367,114,119),(664,580,368,120,125),(665,581,369,134,139),(666,584,370,38,43),(667,585,371,34,39),(668,586,372,39,44),(669,587,373,30,35),(670,588,374,4,9),(671,589,375,47,52),(672,590,376,74,79),(673,591,377,73,78),(674,592,378,95,100),(675,593,379,88,93),(676,593,380,88,93),(677,594,381,23,28),(678,595,382,73,78),(679,596,383,6,11),(680,597,384,82,87),(681,598,385,80,85),(682,599,386,5,10),(683,600,387,23,28),(684,601,388,80,85),(685,602,389,30,35),(686,604,390,12,17),(687,605,391,76,81),(688,606,392,102,107),(689,606,393,102,107),(690,607,394,40,45),(691,608,395,27,32),(692,609,396,58,75),(693,610,397,4,9),(694,611,398,84,89),(695,612,399,77,94),(696,612,400,77,94),(697,613,401,86,91),(698,614,402,107,112),(699,615,403,36,41),(700,616,404,38,43),(701,617,405,104,109),(702,618,406,0,17),(703,619,407,68,85),(704,620,408,66,71),(705,621,409,32,49),(706,622,410,114,131),(707,622,411,114,131),(708,623,412,47,52),(709,624,413,46,55),(710,625,414,33,42),(711,626,415,91,96),(712,627,416,98,115),(713,627,417,98,115),(714,627,418,98,115),(715,628,419,29,38),(716,631,420,74,83),(717,632,421,0,5),(718,633,422,96,105),(719,634,423,0,5),(720,635,424,0,5),(721,636,425,4,9),(722,641,426,76,85),(723,641,427,76,85),(724,641,428,76,85),(725,642,429,31,42),(726,643,430,103,112),(727,643,431,103,112),(728,644,432,65,82),(729,644,433,65,82),(730,645,434,38,43),(731,646,435,89,94),(732,646,436,89,94),(733,647,437,55,60),(734,648,438,117,134),(735,649,439,38,55),(736,650,440,54,59),(737,650,441,54,59),(738,651,442,24,29),(739,652,443,52,69),(740,652,444,52,69),(741,653,445,0,5),(742,655,446,26,43),(743,656,447,65,70),(744,656,448,65,70),(745,657,449,59,76),(746,658,450,13,30),(747,659,451,20,25),(748,660,452,42,47),(749,661,453,43,68),(750,662,454,24,29),(751,663,455,59,72),(752,663,456,59,72),(753,664,457,62,79),(754,374,143,112,119),(755,374,141,112,119),(756,375,143,46,51),(757,376,141,36,43),(758,377,143,96,101),(759,378,143,72,79),(760,378,141,72,79),(761,379,143,32,37),(762,380,143,109,114),(763,381,143,62,67),(764,382,151,103,115),(765,383,246,62,67),(766,383,143,62,67),(767,384,143,25,30),(768,385,143,16,21),(769,386,143,71,76),(770,387,143,83,88),(771,388,143,73,78),(772,389,143,73,78),(773,390,143,47,52),(774,391,143,82,87),(775,392,143,64,69),(776,393,143,84,89),(777,394,143,66,71),(778,395,143,23,28),(779,396,143,24,29),(780,397,143,24,29),(781,398,143,51,56),(782,399,143,56,61),(783,400,143,24,29),(784,401,143,104,109),(785,402,143,64,69),(786,403,143,100,105),(787,404,143,62,67),(788,405,143,93,98),(789,406,143,121,126),(790,407,143,42,47),(791,408,143,16,21),(792,409,143,79,84),(793,410,143,54,59),(794,411,143,90,95),(795,412,143,124,129),(796,413,143,118,123),(797,414,143,96,101),(798,415,143,112,117),(799,416,151,38,43),(800,416,143,38,43),(801,417,143,98,103),(802,418,143,37,42),(803,419,143,66,71),(804,420,143,26,31),(805,421,143,4,9),(806,422,143,53,58),(807,424,201,90,102),(808,424,151,90,102),(809,425,143,68,73),(810,426,151,99,111),(811,427,143,117,122),(812,429,201,64,73),(813,430,143,31,43),(814,430,151,31,43),(815,432,143,0,5),(816,433,205,126,131),(817,434,143,0,5),(818,435,143,0,5),(819,436,143,40,45),(820,437,151,0,12),(821,440,141,34,39),(822,440,143,34,39),(823,441,143,61,66),(824,442,141,114,119),(825,442,151,114,119),(826,442,143,114,119),(827,443,143,26,31),(828,444,151,105,110),(829,444,143,105,110),(830,445,220,97,104),(831,446,143,35,40),(832,447,143,99,106),(833,447,220,99,106),(834,448,143,73,78),(835,449,151,106,111),(836,449,143,106,111),(837,450,143,106,111),(838,451,143,60,65),(839,453,143,78,85),(840,453,141,78,85),(841,454,141,102,107),(842,454,143,102,107),(843,455,143,11,16),(844,456,143,108,113),(845,457,143,51,58),(846,457,141,51,58),(847,458,143,32,37),(848,459,143,35,40),(849,461,151,96,101),(850,461,143,96,101),(851,462,143,77,82),(852,464,143,109,114),(853,465,143,110,115),(854,466,141,112,119),(855,467,143,107,112),(856,468,246,21,26),(857,469,141,97,102),(858,469,143,97,102),(859,470,220,51,58),(860,471,220,19,26),(861,472,143,20,25),(862,473,143,0,5),(863,473,143,0,5),(864,475,220,92,99),(865,476,143,109,114),(866,477,143,41,46),(867,479,143,100,107),(868,479,220,100,107),(869,480,143,89,94),(870,481,141,111,116),(871,481,143,111,116),(872,482,143,97,104),(873,482,220,97,104),(874,483,220,61,68),(875,484,266,45,52),(876,485,266,30,37),(877,486,266,118,125),(878,487,266,76,83),(879,488,266,94,101),(880,489,266,110,117),(881,490,266,78,85),(882,491,266,11,18),(883,492,143,36,48),(884,492,151,36,48),(885,493,220,36,43),(886,494,277,57,74),(887,495,143,27,32),(888,496,151,62,69),(889,496,266,62,69),(890,498,143,84,89),(891,499,246,70,75),(892,499,143,70,75),(893,500,143,87,92),(894,501,220,40,47),(895,502,143,82,89),(896,502,220,82,89),(897,503,220,16,21),(898,503,143,16,21),(899,504,143,48,53),(900,506,291,80,92),(901,507,143,109,116),(902,507,220,109,116),(903,508,143,59,64),(904,509,220,98,105),(905,510,143,10,15),(906,514,143,86,93),(907,514,220,86,93),(908,516,143,63,68),(909,517,277,58,75),(910,518,141,33,40),(911,519,143,0,5),(912,520,143,61,66),(913,522,143,13,18),(914,523,220,68,75),(915,525,143,23,28),(916,526,143,6,11),(917,528,143,11,16),(918,529,143,11,16),(919,530,141,34,39),(920,530,143,34,39),(921,531,143,6,11),(922,532,143,6,11),(923,533,143,50,55),(924,535,143,34,41),(925,535,141,34,41),(926,537,143,41,46),(927,538,220,0,7),(928,539,220,81,88),(929,540,220,71,76),(930,540,143,71,76),(931,541,220,0,7),(932,542,220,68,75),(933,542,141,68,75),(934,543,141,102,107),(935,543,143,102,107),(936,544,143,38,43),(937,545,143,55,60),(938,546,330,125,136),(939,548,220,104,111),(940,549,220,30,35),(941,549,143,30,35),(942,550,143,60,67),(943,550,220,60,67),(944,551,143,41,46),(945,552,277,88,93),(946,552,143,88,93),(947,554,143,86,91),(948,555,143,47,52),(949,558,342,123,130),(950,559,346,47,56),(951,560,143,69,74),(952,562,342,110,117),(953,564,277,35,52),(954,565,455,119,136),(955,565,277,119,136),(956,566,352,110,117),(957,567,143,26,31),(958,568,143,89,94),(959,571,143,105,110),(960,572,143,47,54),(961,572,141,47,54),(962,573,143,96,103),(963,573,220,96,103),(964,573,143,96,103),(965,573,220,96,103),(966,575,277,98,115),(967,576,143,41,46),(968,577,143,15,20),(969,579,143,114,119),(970,580,143,120,125),(971,581,143,134,139),(972,584,143,38,43),(973,585,143,34,39),(974,586,143,39,44),(975,587,246,30,35),(976,588,143,4,9),(977,589,143,47,52),(978,590,143,74,79),(979,591,143,73,78),(980,592,143,95,100),(981,593,143,88,93),(982,594,143,23,28),(983,595,143,73,78),(984,596,143,6,11),(985,597,143,82,87),(986,598,143,80,85),(987,599,143,5,10),(988,600,143,23,28),(989,601,143,80,85),(990,602,143,30,35),(991,604,143,12,17),(992,605,143,76,81),(993,606,277,102,107),(994,606,143,102,107),(995,607,143,40,45),(996,608,143,27,32),(997,609,277,58,75),(998,610,143,4,9),(999,611,143,84,89),(1000,612,143,77,94),(1001,612,277,77,94),(1002,613,143,86,91),(1003,614,143,107,112),(1004,615,143,36,41),(1005,616,143,38,43),(1006,617,143,104,109),(1007,618,277,0,17),(1008,619,277,68,85),(1009,620,143,66,71),(1010,621,277,32,49),(1011,622,143,114,131),(1012,622,277,114,131),(1013,623,143,47,52),(1014,624,201,46,55),(1015,625,201,33,42),(1016,626,143,91,96),(1017,627,143,98,115),(1018,627,141,98,115),(1019,627,277,98,115),(1020,628,201,29,38),(1021,631,201,74,83),(1022,632,143,0,5),(1023,633,422,96,105),(1024,634,143,0,5),(1025,635,143,0,5),(1026,636,143,4,9),(1027,641,277,76,85),(1028,641,201,76,85),(1029,642,429,31,42),(1030,643,277,103,112),(1031,643,201,103,112),(1032,644,455,65,82),(1033,644,277,65,82),(1034,645,143,38,43),(1035,646,277,89,94),(1036,646,143,89,94),(1037,647,143,55,60),(1038,648,277,117,134),(1039,649,277,38,55),(1040,650,277,54,59),(1041,650,143,54,59),(1042,651,143,24,29),(1043,652,246,52,69),(1044,652,277,52,69),(1045,653,143,0,5),(1046,655,277,26,43),(1047,656,141,65,70),(1048,656,143,65,70),(1049,657,277,59,76),(1050,658,277,13,30),(1051,659,143,20,25),(1052,660,143,42,47),(1053,661,453,43,68),(1054,662,143,24,29),(1055,663,277,59,72),(1056,663,455,59,72),(1057,664,277,62,79),(1058,415,458,112,117),(1059,424,459,90,102),(1060,433,460,126,131),(1061,481,461,111,116),(1062,506,462,80,92),(1063,554,463,86,91),(1064,558,464,123,130),(1065,558,465,123,130),(1066,558,466,123,130),(1067,566,467,110,117),(1068,566,468,110,117),(1069,593,469,88,93),(1070,641,470,76,85),(1071,374,143,112,119),(1072,374,141,112,119),(1073,375,143,46,51),(1074,376,141,36,43),(1075,377,143,96,101),(1076,378,143,72,79),(1077,378,141,72,79),(1078,379,143,32,37),(1079,380,143,109,114),(1080,381,143,62,67),(1081,382,151,103,115),(1082,383,246,62,67),(1083,383,143,62,67),(1084,384,143,25,30),(1085,385,143,16,21),(1086,386,143,71,76),(1087,387,143,83,88),(1088,388,143,73,78),(1089,389,143,73,78),(1090,390,143,47,52),(1091,391,143,82,87),(1092,392,143,64,69),(1093,393,143,84,89),(1094,394,143,66,71),(1095,395,143,23,28),(1096,396,143,24,29),(1097,397,143,24,29),(1098,398,143,51,56),(1099,399,143,56,61),(1100,400,143,24,29),(1101,401,143,104,109),(1102,402,143,64,69),(1103,403,143,100,105),(1104,404,143,62,67),(1105,405,143,93,98),(1106,406,143,121,126),(1107,407,143,42,47),(1108,408,143,16,21),(1109,409,143,79,84),(1110,410,143,54,59),(1111,411,143,90,95),(1112,412,143,124,129),(1113,413,143,118,123),(1114,414,143,96,101),(1115,415,143,112,117),(1116,416,151,38,43),(1117,416,143,38,43),(1118,417,143,98,103),(1119,418,143,37,42),(1120,419,143,66,71),(1121,420,143,26,31),(1122,421,143,4,9),(1123,422,143,53,58),(1124,424,201,90,102),(1125,424,151,90,102),(1126,425,143,68,73),(1127,426,151,99,111),(1128,427,143,117,122),(1129,429,201,64,73),(1130,430,143,31,43),(1131,430,151,31,43),(1132,432,143,0,5),(1133,433,205,126,131),(1134,434,143,0,5),(1135,435,143,0,5),(1136,436,143,40,45),(1137,437,151,0,12),(1138,440,141,34,39),(1139,440,143,34,39),(1140,441,143,61,66),(1141,442,141,114,119),(1142,442,151,114,119),(1143,442,143,114,119),(1144,443,143,26,31),(1145,444,151,105,110),(1146,444,143,105,110),(1147,445,220,97,104),(1148,446,143,35,40),(1149,447,143,99,106),(1150,447,220,99,106),(1151,448,143,73,78),(1152,449,151,106,111),(1153,449,143,106,111),(1154,450,143,106,111),(1155,451,143,60,65),(1156,453,143,78,85),(1157,453,141,78,85),(1158,454,141,102,107),(1159,454,143,102,107),(1160,455,143,11,16),(1161,456,143,108,113),(1162,457,143,51,58),(1163,457,141,51,58),(1164,458,143,32,37),(1165,459,143,35,40),(1166,461,151,96,101),(1167,461,143,96,101),(1168,462,143,77,82),(1169,464,143,109,114),(1170,465,143,110,115),(1171,466,141,112,119),(1172,467,143,107,112),(1173,468,246,21,26),(1174,469,141,97,102),(1175,469,143,97,102),(1176,470,220,51,58),(1177,471,220,19,26),(1178,472,143,20,25),(1179,473,143,0,5),(1180,473,143,0,5),(1181,475,220,92,99),(1182,476,143,109,114),(1183,477,143,41,46),(1184,479,143,100,107),(1185,479,220,100,107),(1186,480,143,89,94),(1187,481,141,111,116),(1188,481,143,111,116),(1189,482,143,97,104),(1190,482,220,97,104),(1191,483,220,61,68),(1192,484,266,45,52),(1193,485,266,30,37),(1194,486,266,118,125),(1195,487,266,76,83),(1196,488,266,94,101),(1197,489,266,110,117),(1198,490,266,78,85),(1199,491,266,11,18),(1200,492,143,36,48),(1201,492,151,36,48),(1202,493,220,36,43),(1203,494,277,57,74),(1204,495,143,27,32),(1205,496,151,62,69),(1206,496,266,62,69),(1207,498,143,84,89),(1208,499,246,70,75),(1209,499,143,70,75),(1210,500,143,87,92),(1211,501,220,40,47),(1212,502,143,82,89),(1213,502,220,82,89),(1214,503,220,16,21),(1215,503,143,16,21),(1216,504,143,48,53),(1217,506,291,80,92),(1218,507,143,109,116),(1219,507,220,109,116),(1220,508,143,59,64),(1221,509,220,98,105),(1222,510,143,10,15),(1223,514,143,86,93),(1224,514,220,86,93),(1225,516,143,63,68),(1226,517,277,58,75),(1227,518,141,33,40),(1228,519,143,0,5),(1229,520,143,61,66),(1230,522,143,13,18),(1231,523,220,68,75),(1232,525,143,23,28),(1233,526,143,6,11),(1234,528,143,11,16),(1235,529,143,11,16),(1236,530,141,34,39),(1237,530,143,34,39),(1238,531,143,6,11),(1239,532,143,6,11),(1240,533,143,50,55),(1241,535,143,34,41),(1242,535,141,34,41),(1243,537,143,41,46),(1244,538,220,0,7),(1245,539,220,81,88),(1246,540,220,71,76),(1247,540,143,71,76),(1248,541,220,0,7),(1249,542,220,68,75),(1250,542,141,68,75),(1251,543,141,102,107),(1252,543,143,102,107),(1253,544,143,38,43),(1254,545,143,55,60),(1255,546,330,125,136),(1256,548,220,104,111),(1257,549,220,30,35),(1258,549,143,30,35),(1259,550,143,60,67),(1260,550,220,60,67),(1261,551,143,41,46),(1262,552,277,88,93),(1263,552,143,88,93),(1264,554,143,86,91),(1265,555,143,47,52),(1266,558,342,123,130),(1267,559,346,47,56),(1268,560,143,69,74),(1269,562,342,110,117),(1270,564,277,35,52),(1271,565,455,119,136),(1272,565,277,119,136),(1273,566,352,110,117),(1274,567,143,26,31),(1275,568,143,89,94),(1276,571,143,105,110),(1277,572,143,47,54),(1278,572,141,47,54),(1279,573,143,96,103),(1280,573,220,96,103),(1281,573,143,96,103),(1282,573,220,96,103),(1283,575,277,98,115),(1284,576,143,41,46),(1285,577,143,15,20),(1286,579,143,114,119),(1287,580,143,120,125),(1288,581,143,134,139),(1289,584,143,38,43),(1290,585,143,34,39),(1291,586,143,39,44),(1292,587,246,30,35),(1293,588,143,4,9),(1294,589,143,47,52),(1295,590,143,74,79),(1296,591,143,73,78),(1297,592,143,95,100),(1298,593,143,88,93),(1299,594,143,23,28),(1300,595,143,73,78),(1301,596,143,6,11),(1302,597,143,82,87),(1303,598,143,80,85),(1304,599,143,5,10),(1305,600,143,23,28),(1306,601,143,80,85),(1307,602,143,30,35),(1308,604,143,12,17),(1309,605,143,76,81),(1310,606,277,102,107),(1311,606,143,102,107),(1312,607,143,40,45),(1313,608,143,27,32),(1314,609,277,58,75),(1315,610,143,4,9),(1316,611,143,84,89),(1317,612,143,77,94),(1318,612,277,77,94),(1319,613,143,86,91),(1320,614,143,107,112),(1321,615,143,36,41),(1322,616,143,38,43),(1323,617,143,104,109),(1324,618,277,0,17),(1325,619,277,68,85),(1326,620,143,66,71),(1327,621,277,32,49),(1328,622,143,114,131),(1329,622,277,114,131),(1330,623,143,47,52),(1331,624,201,46,55),(1332,625,201,33,42),(1333,626,143,91,96),(1334,627,143,98,115),(1335,627,141,98,115),(1336,627,277,98,115),(1337,628,201,29,38),(1338,631,201,74,83),(1339,632,143,0,5),(1340,633,422,96,105),(1341,634,143,0,5),(1342,635,143,0,5),(1343,636,143,4,9),(1344,641,277,76,85),(1345,641,201,76,85),(1346,642,429,31,42),(1347,643,277,103,112),(1348,643,201,103,112),(1349,644,455,65,82),(1350,644,277,65,82),(1351,645,143,38,43),(1352,646,277,89,94),(1353,646,143,89,94),(1354,647,143,55,60),(1355,648,277,117,134),(1356,649,277,38,55),(1357,650,277,54,59),(1358,650,143,54,59),(1359,651,143,24,29),(1360,652,246,52,69),(1361,652,277,52,69),(1362,653,143,0,5),(1363,655,277,26,43),(1364,656,141,65,70),(1365,656,143,65,70),(1366,657,277,59,76),(1367,658,277,13,30),(1368,659,143,20,25),(1369,660,143,42,47),(1370,661,453,43,68),(1371,662,143,24,29),(1372,663,277,59,72),(1373,663,455,59,72),(1374,664,277,62,79),(1375,415,471,112,117),(1376,424,472,90,102),(1377,433,473,126,131),(1378,481,474,111,116),(1379,506,475,80,92),(1380,554,476,86,91),(1381,558,477,123,130),(1382,558,478,123,130),(1383,558,479,123,130),(1384,566,480,110,117),(1385,566,481,110,117),(1386,593,482,88,93),(1387,641,483,76,85);
/*!40000 ALTER TABLE `tweettwitterhashtags` ENABLE KEYS */;
UNLOCK TABLES;

--
-- Table structure for table `tweettwitterurls`
--

DROP TABLE IF EXISTS `tweettwitterurls`;
/*!40101 SET @saved_cs_client     = @@character_set_client */;
/*!40101 SET character_set_client = utf8 */;
CREATE TABLE `tweettwitterurls` (
  `tweetTwitterUrlId` int(11) NOT NULL AUTO_INCREMENT,
  `tweetTwitterUrlTweetId` int(11) NOT NULL,
  `tweetTwitterUrlTwitterUrlId` int(11) NOT NULL,
  `tweetTwitterUrlStartPoint` int(11) NOT NULL,
  `tweetTwitterUrlEndPoint` int(11) NOT NULL,
  PRIMARY KEY (`tweetTwitterUrlId`),
  UNIQUE KEY `tweetTwitterUrlId_UNIQUE` (`tweetTwitterUrlId`),
  KEY `tweetTwitterUrlTweetId_idx` (`tweetTwitterUrlTweetId`),
  KEY `tweetTwitterUrlTwitterUrlId_idx` (`tweetTwitterUrlTwitterUrlId`),
  CONSTRAINT `tweetTwitterUrlTweetId` FOREIGN KEY (`tweetTwitterUrlTweetId`) REFERENCES `tweets` (`tweetId`) ON DELETE NO ACTION ON UPDATE NO ACTION,
  CONSTRAINT `tweetTwitterUrlTwitterUrlId` FOREIGN KEY (`tweetTwitterUrlTwitterUrlId`) REFERENCES `twitterurls` (`twitterUrlId`) ON DELETE NO ACTION ON UPDATE NO ACTION
) ENGINE=InnoDB DEFAULT CHARSET=utf8;
/*!40101 SET character_set_client = @saved_cs_client */;

--
-- Dumping data for table `tweettwitterurls`
--

LOCK TABLES `tweettwitterurls` WRITE;
/*!40000 ALTER TABLE `tweettwitterurls` DISABLE KEYS */;
/*!40000 ALTER TABLE `tweettwitterurls` ENABLE KEYS */;
UNLOCK TABLES;

--
-- Table structure for table `tweetusers`
--

DROP TABLE IF EXISTS `tweetusers`;
/*!40101 SET @saved_cs_client     = @@character_set_client */;
/*!40101 SET character_set_client = utf8 */;
CREATE TABLE `tweetusers` (
  `tweetUserId` int(11) NOT NULL AUTO_INCREMENT,
  `tweetId` int(11) NOT NULL,
  `twitterUserId` int(11) NOT NULL,
  `tweetStartPoint` int(11) NOT NULL,
  `tweetEndPoint` int(11) NOT NULL,
  PRIMARY KEY (`tweetUserId`),
  UNIQUE KEY `tweetUserId_UNIQUE` (`tweetUserId`),
  KEY `tweetId_idx` (`tweetId`),
  KEY `twitterUserId_idx` (`twitterUserId`),
  CONSTRAINT `tweetUserTweetId` FOREIGN KEY (`tweetId`) REFERENCES `tweets` (`tweetId`) ON DELETE NO ACTION ON UPDATE NO ACTION
) ENGINE=InnoDB AUTO_INCREMENT=565 DEFAULT CHARSET=utf8;
/*!40101 SET character_set_client = @saved_cs_client */;

--
-- Dumping data for table `tweetusers`
--

LOCK TABLES `tweetusers` WRITE;
/*!40000 ALTER TABLE `tweetusers` DISABLE KEYS */;
INSERT INTO `tweetusers` VALUES (142,424,428,59,66),(143,427,428,108,115),(144,431,428,67,74),(145,546,428,63,77),(146,558,428,20,27),(147,561,428,57,64),(148,569,428,92,106),(149,571,428,96,103),(150,579,428,67,74),(151,624,428,31,38),(152,626,428,82,89),(153,633,428,62,69),(154,641,428,16,23),(155,401,719,86,102),(156,401,720,86,102),(157,402,721,6,14),(158,403,722,27,42),(159,404,723,11,27),(160,405,724,72,80),(161,406,725,6,14),(162,407,726,80,89),(163,410,727,6,15),(164,411,728,6,15),(165,412,729,36,45),(166,412,730,36,45),(167,414,731,5,14),(168,415,732,18,26),(169,417,733,6,17),(170,423,734,0,14),(171,424,735,59,66),(172,427,736,108,115),(173,428,737,3,17),(174,431,738,67,74),(175,433,739,3,17),(176,437,740,14,29),(177,442,741,78,93),(178,444,742,23,38),(179,449,743,17,32),(180,460,744,21,29),(181,461,745,11,26),(182,463,746,10,22),(183,471,747,0,14),(184,478,748,15,29),(185,479,749,54,68),(186,481,750,48,63),(187,482,751,46,60),(188,484,752,19,32),(189,494,753,14,28),(190,499,754,47,56),(191,499,755,47,56),(192,500,756,101,113),(193,502,757,42,56),(194,504,758,1,17),(195,506,759,3,15),(196,507,760,42,56),(197,509,761,37,51),(198,511,762,0,13),(199,512,763,0,13),(200,513,764,0,14),(201,516,765,28,42),(202,518,766,14,29),(203,518,767,14,29),(204,521,768,3,12),(205,522,769,26,38),(206,527,770,69,80),(207,527,771,69,80),(208,534,772,0,14),(209,536,773,0,13),(210,537,774,21,32),(211,537,775,21,32),(212,540,776,50,64),(213,541,777,45,59),(214,545,778,77,87),(215,546,779,63,77),(216,546,780,63,77),(217,548,781,18,33),(218,549,782,66,80),(219,553,783,69,84),(220,554,784,3,19),(221,555,785,65,80),(222,555,786,65,80),(223,556,787,3,14),(224,557,788,3,14),(225,558,789,20,27),(226,559,790,3,11),(227,560,791,3,14),(228,561,792,57,64),(229,562,793,3,12),(230,563,794,3,16),(231,566,795,3,15),(232,569,796,92,106),(233,569,797,92,106),(234,570,798,43,58),(235,570,799,43,58),(236,571,800,96,103),(237,573,801,49,63),(238,574,802,49,63),(239,576,803,91,106),(240,577,804,1,11),(241,578,805,76,87),(242,578,806,76,87),(243,579,807,67,74),(244,580,808,12,23),(245,583,809,22,37),(246,584,810,20,34),(247,585,811,20,30),(248,586,812,20,35),(249,588,813,57,71),(250,592,814,6,15),(251,593,815,25,33),(252,594,816,53,64),(253,594,817,53,64),(254,599,818,27,42),(255,600,819,57,66),(256,600,820,57,66),(257,602,821,45,59),(258,602,822,45,59),(259,603,823,98,113),(260,603,824,98,113),(261,604,825,31,46),(262,605,826,6,17),(263,606,827,3,17),(264,613,828,39,47),(265,614,829,6,14),(266,615,830,11,21),(267,616,831,17,32),(268,619,832,3,15),(269,624,833,31,38),(270,625,834,3,16),(271,626,835,82,89),(272,628,836,3,12),(273,629,837,0,12),(274,630,838,0,10),(275,631,839,3,17),(276,633,840,62,69),(277,637,841,0,11),(278,638,842,0,11),(279,639,843,0,10),(280,640,844,0,16),(281,641,845,16,23),(282,652,846,87,101),(283,401,727,86,102),(284,401,719,86,102),(285,402,721,6,14),(286,403,722,27,42),(287,404,723,11,27),(288,405,721,72,80),(289,406,721,6,14),(290,407,726,80,89),(291,410,727,6,15),(292,411,727,6,15),(293,412,721,36,45),(294,412,727,36,45),(295,414,731,5,14),(296,415,721,18,26),(297,417,733,6,17),(298,423,734,0,14),(299,424,428,59,66),(300,427,428,108,115),(301,428,737,3,17),(302,431,737,67,74),(303,431,428,67,74),(304,433,737,3,17),(305,437,740,14,29),(306,442,740,78,93),(307,444,740,23,38),(308,449,740,17,32),(309,460,721,21,29),(310,461,740,11,26),(311,463,746,10,22),(312,471,747,0,14),(313,478,748,15,29),(314,479,748,54,68),(315,481,750,48,63),(316,482,748,46,60),(317,484,752,19,32),(318,494,753,14,28),(319,499,740,47,56),(320,499,727,47,56),(321,500,756,101,113),(322,502,748,42,56),(323,504,723,1,17),(324,506,759,3,15),(325,507,748,42,56),(326,509,748,37,51),(327,511,762,0,13),(328,512,762,0,13),(329,513,764,0,14),(330,516,748,28,42),(331,518,750,14,29),(332,521,726,3,12),(333,522,756,26,38),(334,527,726,69,80),(335,527,770,69,80),(336,534,772,0,14),(337,536,773,0,13),(338,537,778,21,32),(339,537,774,21,32),(340,540,748,50,64),(341,541,748,45,59),(342,545,778,77,87),(343,546,722,63,77),(344,546,428,63,77),(345,546,748,63,77),(346,548,722,18,33),(347,549,748,66,80),(348,553,722,69,84),(349,554,719,3,19),(350,555,778,65,80),(351,555,722,65,80),(352,556,787,3,14),(353,557,787,3,14),(354,558,740,20,27),(355,558,428,20,27),(356,559,721,3,11),(357,560,733,3,14),(358,561,778,57,64),(359,561,428,57,64),(360,562,726,3,12),(361,563,794,3,16),(362,566,795,3,15),(363,569,428,92,106),(364,569,748,92,106),(365,570,722,43,58),(366,571,810,96,103),(367,571,428,96,103),(368,573,748,49,63),(369,573,748,49,63),(370,576,722,91,106),(371,577,778,1,11),(372,578,722,76,87),(373,578,787,76,87),(374,579,428,67,74),(375,580,733,12,23),(376,583,722,22,37),(377,584,810,20,34),(378,585,778,20,30),(379,586,722,20,35),(380,588,748,57,71),(381,592,727,6,15),(382,593,721,25,33),(383,594,733,53,64),(384,599,722,27,42),(385,600,794,57,66),(386,600,731,57,66),(387,602,722,45,59),(388,602,748,45,59),(389,603,727,98,113),(390,603,722,98,113),(391,604,722,31,46),(392,605,733,6,17),(393,606,827,3,17),(394,613,721,39,47),(395,614,721,6,14),(396,615,778,11,21),(397,616,722,17,32),(398,619,832,3,15),(399,624,428,31,38),(400,625,834,3,16),(401,626,428,82,89),(402,628,836,3,12),(403,629,837,0,12),(404,630,838,0,10),(405,631,839,3,17),(406,633,428,62,69),(407,637,841,0,11),(408,638,842,0,11),(409,639,843,0,10),(410,640,844,0,16),(411,641,428,16,23),(412,652,846,87,101),(413,424,847,59,66),(414,427,848,108,115),(415,518,849,14,29),(416,569,850,92,106),(417,570,851,43,58),(418,579,852,67,74),(419,594,853,53,64),(420,624,854,31,38),(421,626,855,82,89),(422,633,856,62,69),(423,641,857,16,23),(424,401,727,86,102),(425,401,719,86,102),(426,402,721,6,14),(427,403,722,27,42),(428,404,723,11,27),(429,405,721,72,80),(430,406,721,6,14),(431,407,726,80,89),(432,410,727,6,15),(433,411,727,6,15),(434,412,721,36,45),(435,412,727,36,45),(436,414,731,5,14),(437,415,721,18,26),(438,417,733,6,17),(439,423,734,0,14),(440,424,428,59,66),(441,427,428,108,115),(442,428,737,3,17),(443,431,737,67,74),(444,431,428,67,74),(445,433,737,3,17),(446,437,740,14,29),(447,442,740,78,93),(448,444,740,23,38),(449,449,740,17,32),(450,460,721,21,29),(451,461,740,11,26),(452,463,746,10,22),(453,471,747,0,14),(454,478,748,15,29),(455,479,748,54,68),(456,481,750,48,63),(457,482,748,46,60),(458,484,752,19,32),(459,494,753,14,28),(460,499,740,47,56),(461,499,727,47,56),(462,500,756,101,113),(463,502,748,42,56),(464,504,723,1,17),(465,506,759,3,15),(466,507,748,42,56),(467,509,748,37,51),(468,511,762,0,13),(469,512,762,0,13),(470,513,764,0,14),(471,516,748,28,42),(472,518,750,14,29),(473,521,726,3,12),(474,522,756,26,38),(475,527,726,69,80),(476,527,770,69,80),(477,534,772,0,14),(478,536,773,0,13),(479,537,778,21,32),(480,537,774,21,32),(481,540,748,50,64),(482,541,748,45,59),(483,545,778,77,87),(484,546,722,63,77),(485,546,428,63,77),(486,546,748,63,77),(487,548,722,18,33),(488,549,748,66,80),(489,553,722,69,84),(490,554,719,3,19),(491,555,778,65,80),(492,555,722,65,80),(493,556,787,3,14),(494,557,787,3,14),(495,558,740,20,27),(496,558,428,20,27),(497,559,721,3,11),(498,560,733,3,14),(499,561,778,57,64),(500,561,428,57,64),(501,562,726,3,12),(502,563,794,3,16),(503,566,795,3,15),(504,569,428,92,106),(505,569,748,92,106),(506,570,722,43,58),(507,571,810,96,103),(508,571,428,96,103),(509,573,748,49,63),(510,573,748,49,63),(511,576,722,91,106),(512,577,778,1,11),(513,578,722,76,87),(514,578,787,76,87),(515,579,428,67,74),(516,580,733,12,23),(517,583,722,22,37),(518,584,810,20,34),(519,585,778,20,30),(520,586,722,20,35),(521,588,748,57,71),(522,592,727,6,15),(523,593,721,25,33),(524,594,733,53,64),(525,599,722,27,42),(526,600,794,57,66),(527,600,731,57,66),(528,602,722,45,59),(529,602,748,45,59),(530,603,727,98,113),(531,603,722,98,113),(532,604,722,31,46),(533,605,733,6,17),(534,606,827,3,17),(535,613,721,39,47),(536,614,721,6,14),(537,615,778,11,21),(538,616,722,17,32),(539,619,832,3,15),(540,624,428,31,38),(541,625,834,3,16),(542,626,428,82,89),(543,628,836,3,12),(544,629,837,0,12),(545,630,838,0,10),(546,631,839,3,17),(547,633,428,62,69),(548,637,841,0,11),(549,638,842,0,11),(550,639,843,0,10),(551,640,844,0,16),(552,641,428,16,23),(553,652,846,87,101),(554,424,858,59,66),(555,427,859,108,115),(556,518,860,14,29),(557,569,861,92,106),(558,570,862,43,58),(559,579,863,67,74),(560,594,864,53,64),(561,624,865,31,38),(562,626,866,82,89),(563,633,867,62,69),(564,641,868,16,23);
/*!40000 ALTER TABLE `tweetusers` ENABLE KEYS */;
UNLOCK TABLES;

--
-- Table structure for table `twitterhashtags`
--

DROP TABLE IF EXISTS `twitterhashtags`;
/*!40101 SET @saved_cs_client     = @@character_set_client */;
/*!40101 SET character_set_client = utf8 */;
CREATE TABLE `twitterhashtags` (
  `twitterHashtagId` int(11) NOT NULL AUTO_INCREMENT,
  `twitterHashtagText` varchar(45) NOT NULL,
  PRIMARY KEY (`twitterHashtagId`),
  UNIQUE KEY `twitterHashtagId_UNIQUE` (`twitterHashtagId`)
) ENGINE=InnoDB AUTO_INCREMENT=484 DEFAULT CHARSET=utf8;
/*!40101 SET character_set_client = @saved_cs_client */;

--
-- Dumping data for table `twitterhashtags`
--

LOCK TABLES `twitterhashtags` WRITE;
/*!40000 ALTER TABLE `twitterhashtags` DISABLE KEYS */;
INSERT INTO `twitterhashtags` VALUES (141,'MUTVHD'),(142,'MUTVHD'),(143,'mufc'),(144,'MUTVHD'),(145,'mufc'),(146,'MUTVHD'),(147,'MUTVHD'),(148,'mufc'),(149,'mufc'),(150,'mufc'),(151,'ILOVEUNITED'),(152,'mufc'),(153,'mufc'),(154,'mufc'),(155,'mufc'),(156,'mufc'),(157,'mufc'),(158,'mufc'),(159,'mufc'),(160,'mufc'),(161,'mufc'),(162,'mufc'),(163,'mufc'),(164,'mufc'),(165,'mufc'),(166,'mufc'),(167,'mufc'),(168,'mufc'),(169,'mufc'),(170,'mufc'),(171,'mufc'),(172,'mufc'),(173,'mufc'),(174,'mufc'),(175,'mufc'),(176,'mufc'),(177,'mufc'),(178,'mufc'),(179,'mufc'),(180,'mufc'),(181,'mufc'),(182,'mufc'),(183,'mufc'),(184,'mufc'),(185,'mufc'),(186,'mufc'),(187,'mufc'),(188,'mufc'),(189,'mufc'),(190,'mufc'),(191,'mufc'),(192,'mufc'),(193,'mufc'),(194,'mufc'),(195,'ILOVEUNITED'),(196,'ILOVEUNITED'),(197,'ILOVEUNITED'),(198,'mufc'),(199,'ILOVEUNITED'),(200,'mufc'),(201,'mufcfans'),(202,'ILOVEUNITED'),(203,'ILOVEUNITED'),(204,'mufc'),(205,'COYS'),(206,'COYS'),(207,'mufc'),(208,'mufc'),(209,'mufc'),(210,'ILOVEUNITED'),(211,'mufc'),(212,'mufc'),(213,'mufc'),(214,'mufc'),(215,'mufc'),(216,'mufc'),(217,'mufc'),(218,'mufc'),(219,'mufc'),(220,'OT1000'),(221,'mufc'),(222,'OT1000'),(223,'OT1000'),(224,'mufc'),(225,'mufc'),(226,'mufc'),(227,'mufc'),(228,'mufc'),(229,'MUTVHD'),(230,'MUTVHD'),(231,'mufc'),(232,'mufc'),(233,'mufc'),(234,'mufc'),(235,'MUTVHD'),(236,'MUTVHD'),(237,'mufc'),(238,'mufc'),(239,'mufc'),(240,'mufc'),(241,'mufc'),(242,'mufc'),(243,'mufc'),(244,'MUTVHD'),(245,'mufc'),(246,'MUTV'),(247,'mufc'),(248,'mufc'),(249,'OT1000'),(250,'OT1000'),(251,'mufc'),(252,'mufc'),(253,'mufc'),(254,'OT1000'),(255,'mufc'),(256,'mufc'),(257,'OT1000'),(258,'OT1000'),(259,'mufc'),(260,'mufc'),(261,'mufc'),(262,'mufc'),(263,'OT1000'),(264,'OT1000'),(265,'OT1000'),(266,'MUquiz'),(267,'MUquiz'),(268,'MUquiz'),(269,'MUquiz'),(270,'MUquiz'),(271,'MUquiz'),(272,'MUquiz'),(273,'MUquiz'),(274,'ILOVEUNITED'),(275,'ILOVEUNITED'),(276,'OT1000'),(277,'ThankYouSirBobby'),(278,'mufc'),(279,'MUquiz'),(280,'MUquiz'),(281,'mufc'),(282,'mufc'),(283,'mufc'),(284,'mufc'),(285,'OT1000'),(286,'OT1000'),(287,'OT1000'),(288,'mufc'),(289,'mufc'),(290,'mufc'),(291,'OldTrafford'),(292,'OldTrafford'),(293,'OT1000'),(294,'OT1000'),(295,'mufc'),(296,'OT1000'),(297,'mufc'),(298,'OT1000'),(299,'OT1000'),(300,'mufc'),(301,'ThankYouSirBobby'),(302,'MUTVHD'),(303,'mufc'),(304,'mufc'),(305,'mufc'),(306,'OT1000'),(307,'mufc'),(308,'mufc'),(309,'mufc'),(310,'mufc'),(311,'mufc'),(312,'mufc'),(313,'mufc'),(314,'mufc'),(315,'mufc'),(316,'MUTVHD'),(317,'MUTVHD'),(318,'mufc'),(319,'OT1000'),(320,'OT1000'),(321,'mufc'),(322,'mufc'),(323,'OT1000'),(324,'MUTVHD'),(325,'MUTVHD'),(326,'mufc'),(327,'mufc'),(328,'mufc'),(329,'mufc'),(330,'manchester'),(331,'OT1000'),(332,'mufc'),(333,'mufc'),(334,'OT1000'),(335,'OT1000'),(336,'mufc'),(337,'mufc'),(338,'mufc'),(339,'MUFC'),(340,'MUFC'),(341,'mufc'),(342,'legend'),(343,'legend'),(344,'legend'),(345,'legend'),(346,'SirBobby'),(347,'MUFC'),(348,'Legend'),(349,'ThankYouSirBobby'),(350,'ThankYouSirBobby'),(351,'ThankYouSirBobby'),(352,'ManUtd'),(353,'ManUtd'),(354,'ManUtd'),(355,'mufc'),(356,'mufc'),(357,'mufc'),(358,'MUTVHD'),(359,'MUTVHD'),(360,'OT1000'),(361,'OT1000'),(362,'OT1000'),(363,'OT1000'),(364,'ThankYouSirBobby'),(365,'mufc'),(366,'mufc'),(367,'mufc'),(368,'mufc'),(369,'mufc'),(370,'mufc'),(371,'mufc'),(372,'mufc'),(373,'MUTV'),(374,'mufc'),(375,'mufc'),(376,'mufc'),(377,'mufc'),(378,'mufc'),(379,'mufc'),(380,'mufc'),(381,'mufc'),(382,'mufc'),(383,'mufc'),(384,'mufc'),(385,'mufc'),(386,'mufc'),(387,'mufc'),(388,'mufc'),(389,'mufc'),(390,'mufc'),(391,'mufc'),(392,'MUFC'),(393,'MUFC'),(394,'mufc'),(395,'mufc'),(396,'ThankYouSirBobby'),(397,'mufc'),(398,'mufc'),(399,'ThankYouSirBobby'),(400,'ThankYouSirBobby'),(401,'mufc'),(402,'mufc'),(403,'mufc'),(404,'mufc'),(405,'mufc'),(406,'ThankYouSirBobby'),(407,'ThankYouSirBobby'),(408,'mufc'),(409,'ThankYouSirBobby'),(410,'ThankYouSirBobby'),(411,'ThankYouSirBobby'),(412,'mufc'),(413,'mufcfans'),(414,'mufcfans'),(415,'mufc'),(416,'ThankYouSirBobby'),(417,'ThankYouSirBobby'),(418,'ThankYouSirBobby'),(419,'mufcfans'),(420,'mufcfans'),(421,'mufc'),(422,'MUFCvEFC'),(423,'mufc'),(424,'mufc'),(425,'mufc'),(426,'mufcfans'),(427,'mufcfans'),(428,'mufcfans'),(429,'OTplaylist'),(430,'mufcfans'),(431,'mufcfans'),(432,'ThankYouSirBobby'),(433,'ThankYouSirBobby'),(434,'mufc'),(435,'mufc'),(436,'mufc'),(437,'mufc'),(438,'ThankYouSirBobby'),(439,'ThankYouSirBobby'),(440,'mufc'),(441,'mufc'),(442,'mufc'),(443,'ThankYouSirBobby'),(444,'ThankYouSirBobby'),(445,'mufc'),(446,'ThankYouSirBobby'),(447,'mufc'),(448,'mufc'),(449,'ThankYouSirBobby'),(450,'ThankYouSirBobby'),(451,'mufc'),(452,'mufc'),(453,'ThankYouSirBobbyCharlton'),(454,'mufc'),(455,'UnitedReview'),(456,'UnitedReview'),(457,'ThankYouSirBobby'),(458,'mufc'),(459,'ILOVEUNITED'),(460,'COYS'),(461,'mufc'),(462,'OldTrafford'),(463,'MUFC'),(464,'legend'),(465,'legend'),(466,'legend'),(467,'ManUtd'),(468,'ManUtd'),(469,'mufc'),(470,'mufcfans'),(471,'mufc'),(472,'ILOVEUNITED'),(473,'COYS'),(474,'mufc'),(475,'OldTrafford'),(476,'MUFC'),(477,'legend'),(478,'legend'),(479,'legend'),(480,'ManUtd'),(481,'ManUtd'),(482,'mufc'),(483,'mufcfans');
/*!40000 ALTER TABLE `twitterhashtags` ENABLE KEYS */;
UNLOCK TABLES;

--
-- Table structure for table `twitterurls`
--

DROP TABLE IF EXISTS `twitterurls`;
/*!40101 SET @saved_cs_client     = @@character_set_client */;
/*!40101 SET character_set_client = utf8 */;
CREATE TABLE `twitterurls` (
  `twitterUrlId` int(11) NOT NULL AUTO_INCREMENT,
  `twitterUrlUrl` varchar(45) NOT NULL,
  `twitterUrlExpandedUrl` varchar(45) NOT NULL,
  `twitterUrlDisplayUrl` varchar(45) NOT NULL,
  PRIMARY KEY (`twitterUrlId`),
  UNIQUE KEY `twitterUrlId_UNIQUE` (`twitterUrlId`)
) ENGINE=InnoDB DEFAULT CHARSET=utf8;
/*!40101 SET character_set_client = @saved_cs_client */;

--
-- Dumping data for table `twitterurls`
--

LOCK TABLES `twitterurls` WRITE;
/*!40000 ALTER TABLE `twitterurls` DISABLE KEYS */;
/*!40000 ALTER TABLE `twitterurls` ENABLE KEYS */;
UNLOCK TABLES;

--
-- Table structure for table `twitterusers`
--

DROP TABLE IF EXISTS `twitterusers`;
/*!40101 SET @saved_cs_client     = @@character_set_client */;
/*!40101 SET character_set_client = utf8 */;
CREATE TABLE `twitterusers` (
  `twitterUserId` int(11) NOT NULL AUTO_INCREMENT,
  `twitterUserName` varchar(45) NOT NULL,
  `twitterUserScreenName` varchar(45) NOT NULL,
  `twitterUserTwitterId` char(10) NOT NULL,
  PRIMARY KEY (`twitterUserId`),
  UNIQUE KEY `twitterUsersId_UNIQUE` (`twitterUserId`)
) ENGINE=InnoDB AUTO_INCREMENT=869 DEFAULT CHARSET=utf8;
/*!40101 SET character_set_client = @saved_cs_client */;

--
-- Dumping data for table `twitterusers`
--

LOCK TABLES `twitterusers` WRITE;
/*!40000 ALTER TABLE `twitterusers` DISABLE KEYS */;
INSERT INTO `twitterusers` VALUES (428,'Manchester United','ManUtd','558797310'),(429,'Manchester United','ManUtd','558797310'),(430,'Manchester United','ManUtd','558797310'),(431,'Manchester United','ManUtd','558797310'),(432,'Manchester United','ManUtd','558797310'),(433,'Manchester United','ManUtd','558797310'),(434,'Manchester United','ManUtd','558797310'),(435,'Manchester United','ManUtd','558797310'),(436,'Manchester United','ManUtd','558797310'),(437,'Manchester United','ManUtd','558797310'),(438,'Manchester United','ManUtd','558797310'),(439,'Manchester United','ManUtd','558797310'),(440,'Manchester United','ManUtd','558797310'),(441,'Manchester United','ManUtd','558797310'),(442,'Manchester United','ManUtd','558797310'),(443,'Manchester United','ManUtd','558797310'),(444,'Manchester United','ManUtd','558797310'),(445,'Manchester United','ManUtd','558797310'),(446,'Manchester United','ManUtd','558797310'),(447,'Manchester United','ManUtd','558797310'),(448,'Manchester United','ManUtd','558797310'),(449,'Manchester United','ManUtd','558797310'),(450,'Manchester United','ManUtd','558797310'),(451,'Manchester United','ManUtd','558797310'),(452,'Manchester United','ManUtd','558797310'),(453,'Manchester United','ManUtd','558797310'),(454,'Manchester United','ManUtd','558797310'),(455,'Manchester United','ManUtd','558797310'),(456,'Manchester United','ManUtd','558797310'),(457,'Manchester United','ManUtd','558797310'),(458,'Manchester United','ManUtd','558797310'),(459,'Manchester United','ManUtd','558797310'),(460,'Manchester United','ManUtd','558797310'),(461,'Manchester United','ManUtd','558797310'),(462,'Manchester United','ManUtd','558797310'),(463,'Manchester United','ManUtd','558797310'),(464,'Manchester United','ManUtd','558797310'),(465,'Manchester United','ManUtd','558797310'),(466,'Manchester United','ManUtd','558797310'),(467,'Manchester United','ManUtd','558797310'),(468,'Manchester United','ManUtd','558797310'),(469,'Manchester United','ManUtd','558797310'),(470,'Manchester United','ManUtd','558797310'),(471,'Manchester United','ManUtd','558797310'),(472,'Manchester United','ManUtd','558797310'),(473,'Manchester United','ManUtd','558797310'),(474,'Manchester United','ManUtd','558797310'),(475,'Manchester United','ManUtd','558797310'),(476,'Manchester United','ManUtd','558797310'),(477,'Manchester United','ManUtd','558797310'),(478,'Manchester United','ManUtd','558797310'),(479,'Manchester United','ManUtd','558797310'),(480,'Manchester United','ManUtd','558797310'),(481,'Manchester United','ManUtd','558797310'),(482,'Manchester United','ManUtd','558797310'),(483,'Manchester United','ManUtd','558797310'),(484,'Manchester United','ManUtd','558797310'),(485,'Manchester United','ManUtd','558797310'),(486,'Manchester United','ManUtd','558797310'),(487,'Manchester United','ManUtd','558797310'),(488,'Manchester United','ManUtd','558797310'),(489,'Manchester United','ManUtd','558797310'),(490,'Manchester United','ManUtd','558797310'),(491,'Manchester United','ManUtd','558797310'),(492,'Manchester United','ManUtd','558797310'),(493,'Manchester United','ManUtd','558797310'),(494,'Manchester United','ManUtd','558797310'),(495,'Manchester United','ManUtd','558797310'),(496,'Manchester United','ManUtd','558797310'),(497,'Manchester United','ManUtd','558797310'),(498,'Manchester United','ManUtd','558797310'),(499,'Manchester United','ManUtd','558797310'),(500,'Manchester United','ManUtd','558797310'),(501,'Manchester United','ManUtd','558797310'),(502,'Manchester United','ManUtd','558797310'),(503,'Manchester United','ManUtd','558797310'),(504,'Manchester United','ManUtd','558797310'),(505,'Manchester United','ManUtd','558797310'),(506,'Manchester United','ManUtd','558797310'),(507,'Manchester United','ManUtd','558797310'),(508,'Manchester United','ManUtd','558797310'),(509,'Manchester United','ManUtd','558797310'),(510,'Manchester United','ManUtd','558797310'),(511,'Manchester United','ManUtd','558797310'),(512,'Manchester United','ManUtd','558797310'),(513,'Manchester United','ManUtd','558797310'),(514,'Manchester United','ManUtd','558797310'),(515,'Manchester United','ManUtd','558797310'),(516,'Manchester United','ManUtd','558797310'),(517,'Manchester United','ManUtd','558797310'),(518,'Manchester United','ManUtd','558797310'),(519,'Manchester United','ManUtd','558797310'),(520,'Manchester United','ManUtd','558797310'),(521,'Manchester United','ManUtd','558797310'),(522,'Manchester United','ManUtd','558797310'),(523,'Manchester United','ManUtd','558797310'),(524,'Manchester United','ManUtd','558797310'),(525,'Manchester United','ManUtd','558797310'),(526,'Manchester United','ManUtd','558797310'),(527,'Manchester United','ManUtd','558797310'),(528,'Manchester United','ManUtd','558797310'),(529,'Manchester United','ManUtd','558797310'),(530,'Manchester United','ManUtd','558797310'),(531,'Manchester United','ManUtd','558797310'),(532,'Manchester United','ManUtd','558797310'),(533,'Manchester United','ManUtd','558797310'),(534,'Manchester United','ManUtd','558797310'),(535,'Manchester United','ManUtd','558797310'),(536,'Manchester United','ManUtd','558797310'),(537,'Manchester United','ManUtd','558797310'),(538,'Manchester United','ManUtd','558797310'),(539,'Manchester United','ManUtd','558797310'),(540,'Manchester United','ManUtd','558797310'),(541,'Manchester United','ManUtd','558797310'),(542,'Manchester United','ManUtd','558797310'),(543,'Manchester United','ManUtd','558797310'),(544,'Manchester United','ManUtd','558797310'),(545,'Manchester United','ManUtd','558797310'),(546,'Manchester United','ManUtd','558797310'),(547,'Manchester United','ManUtd','558797310'),(548,'Manchester United','ManUtd','558797310'),(549,'Manchester United','ManUtd','558797310'),(550,'Manchester United','ManUtd','558797310'),(551,'Manchester United','ManUtd','558797310'),(552,'Manchester United','ManUtd','558797310'),(553,'Manchester United','ManUtd','558797310'),(554,'Manchester United','ManUtd','558797310'),(555,'Manchester United','ManUtd','558797310'),(556,'Manchester United','ManUtd','558797310'),(557,'Manchester United','ManUtd','558797310'),(558,'Manchester United','ManUtd','558797310'),(559,'Manchester United','ManUtd','558797310'),(560,'Manchester United','ManUtd','558797310'),(561,'Manchester United','ManUtd','558797310'),(562,'Manchester United','ManUtd','558797310'),(563,'Manchester United','ManUtd','558797310'),(564,'Manchester United','ManUtd','558797310'),(565,'Manchester United','ManUtd','558797310'),(566,'Manchester United','ManUtd','558797310'),(567,'Manchester United','ManUtd','558797310'),(568,'Manchester United','ManUtd','558797310'),(569,'Manchester United','ManUtd','558797310'),(570,'Manchester United','ManUtd','558797310'),(571,'Manchester United','ManUtd','558797310'),(572,'Manchester United','ManUtd','558797310'),(573,'Manchester United','ManUtd','558797310'),(574,'Manchester United','ManUtd','558797310'),(575,'Manchester United','ManUtd','558797310'),(576,'Manchester United','ManUtd','558797310'),(577,'Manchester United','ManUtd','558797310'),(578,'Manchester United','ManUtd','558797310'),(579,'Manchester United','ManUtd','558797310'),(580,'Manchester United','ManUtd','558797310'),(581,'Manchester United','ManUtd','558797310'),(582,'Manchester United','ManUtd','558797310'),(583,'Manchester United','ManUtd','558797310'),(584,'Manchester United','ManUtd','558797310'),(585,'Manchester United','ManUtd','558797310'),(586,'Manchester United','ManUtd','558797310'),(587,'Manchester United','ManUtd','558797310'),(588,'Manchester United','ManUtd','558797310'),(589,'Manchester United','ManUtd','558797310'),(590,'Manchester United','ManUtd','558797310'),(591,'Manchester United','ManUtd','558797310'),(592,'Manchester United','ManUtd','558797310'),(593,'Manchester United','ManUtd','558797310'),(594,'Manchester United','ManUtd','558797310'),(595,'Manchester United','ManUtd','558797310'),(596,'Manchester United','ManUtd','558797310'),(597,'Manchester United','ManUtd','558797310'),(598,'Manchester United','ManUtd','558797310'),(599,'Manchester United','ManUtd','558797310'),(600,'Manchester United','ManUtd','558797310'),(601,'Manchester United','ManUtd','558797310'),(602,'Manchester United','ManUtd','558797310'),(603,'Manchester United','ManUtd','558797310'),(604,'Manchester United','ManUtd','558797310'),(605,'Manchester United','ManUtd','558797310'),(606,'Manchester United','ManUtd','558797310'),(607,'Manchester United','ManUtd','558797310'),(608,'Manchester United','ManUtd','558797310'),(609,'Manchester United','ManUtd','558797310'),(610,'Manchester United','ManUtd','558797310'),(611,'Manchester United','ManUtd','558797310'),(612,'Manchester United','ManUtd','558797310'),(613,'Manchester United','ManUtd','558797310'),(614,'Manchester United','ManUtd','558797310'),(615,'Manchester United','ManUtd','558797310'),(616,'Manchester United','ManUtd','558797310'),(617,'Manchester United','ManUtd','558797310'),(618,'Manchester United','ManUtd','558797310'),(619,'Manchester United','ManUtd','558797310'),(620,'Manchester United','ManUtd','558797310'),(621,'Manchester United','ManUtd','558797310'),(622,'Manchester United','ManUtd','558797310'),(623,'Manchester United','ManUtd','558797310'),(624,'Manchester United','ManUtd','558797310'),(625,'Manchester United','ManUtd','558797310'),(626,'Manchester United','ManUtd','558797310'),(627,'Manchester United','ManUtd','558797310'),(628,'Manchester United','ManUtd','558797310'),(629,'Manchester United','ManUtd','558797310'),(630,'Manchester United','ManUtd','558797310'),(631,'Manchester United','ManUtd','558797310'),(632,'Manchester United','ManUtd','558797310'),(633,'Manchester United','ManUtd','558797310'),(634,'Manchester United','ManUtd','558797310'),(635,'Manchester United','ManUtd','558797310'),(636,'Manchester United','ManUtd','558797310'),(637,'Manchester United','ManUtd','558797310'),(638,'Manchester United','ManUtd','558797310'),(639,'Manchester United','ManUtd','558797310'),(640,'Manchester United','ManUtd','558797310'),(641,'Manchester United','ManUtd','558797310'),(642,'Manchester United','ManUtd','558797310'),(643,'Manchester United','ManUtd','558797310'),(644,'Manchester United','ManUtd','558797310'),(645,'Manchester United','ManUtd','558797310'),(646,'Manchester United','ManUtd','558797310'),(647,'Manchester United','ManUtd','558797310'),(648,'Manchester United','ManUtd','558797310'),(649,'Manchester United','ManUtd','558797310'),(650,'Manchester United','ManUtd','558797310'),(651,'Manchester United','ManUtd','558797310'),(652,'Manchester United','ManUtd','558797310'),(653,'Manchester United','ManUtd','558797310'),(654,'Manchester United','ManUtd','558797310'),(655,'Manchester United','ManUtd','558797310'),(656,'Manchester United','ManUtd','558797310'),(657,'Manchester United','ManUtd','558797310'),(658,'Manchester United','ManUtd','558797310'),(659,'Manchester United','ManUtd','558797310'),(660,'Manchester United','ManUtd','558797310'),(661,'Manchester United','ManUtd','558797310'),(662,'Manchester United','ManUtd','558797310'),(663,'Manchester United','ManUtd','558797310'),(664,'Manchester United','ManUtd','558797310'),(665,'Manchester United','ManUtd','558797310'),(666,'Manchester United','ManUtd','558797310'),(667,'Manchester United','ManUtd','558797310'),(668,'Manchester United','ManUtd','558797310'),(669,'Manchester United','ManUtd','558797310'),(670,'Manchester United','ManUtd','558797310'),(671,'Manchester United','ManUtd','558797310'),(672,'Manchester United','ManUtd','558797310'),(673,'Manchester United','ManUtd','558797310'),(674,'Manchester United','ManUtd','558797310'),(675,'Manchester United','ManUtd','558797310'),(676,'Manchester United','ManUtd','558797310'),(677,'Manchester United','ManUtd','558797310'),(678,'Manchester United','ManUtd','558797310'),(679,'Manchester United','ManUtd','558797310'),(680,'Manchester United','ManUtd','558797310'),(681,'Manchester United','ManUtd','558797310'),(682,'Manchester United','ManUtd','558797310'),(683,'Manchester United','ManUtd','558797310'),(684,'Manchester United','ManUtd','558797310'),(685,'Manchester United','ManUtd','558797310'),(686,'Manchester United','ManUtd','558797310'),(687,'Manchester United','ManUtd','558797310'),(688,'Manchester United','ManUtd','558797310'),(689,'Manchester United','ManUtd','558797310'),(690,'Manchester United','ManUtd','558797310'),(691,'Manchester United','ManUtd','558797310'),(692,'Manchester United','ManUtd','558797310'),(693,'Manchester United','ManUtd','558797310'),(694,'Manchester United','ManUtd','558797310'),(695,'Manchester United','ManUtd','558797310'),(696,'Manchester United','ManUtd','558797310'),(697,'Manchester United','ManUtd','558797310'),(698,'Manchester United','ManUtd','558797310'),(699,'Manchester United','ManUtd','558797310'),(700,'Manchester United','ManUtd','558797310'),(701,'Manchester United','ManUtd','558797310'),(702,'Manchester United','ManUtd','558797310'),(703,'Manchester United','ManUtd','558797310'),(704,'Manchester United','ManUtd','558797310'),(705,'Manchester United','ManUtd','558797310'),(706,'Manchester United','ManUtd','558797310'),(707,'Manchester United','ManUtd','558797310'),(708,'Manchester United','ManUtd','558797310'),(709,'Manchester United','ManUtd','558797310'),(710,'Manchester United','ManUtd','558797310'),(711,'Manchester United','ManUtd','558797310'),(712,'Manchester United','ManUtd','558797310'),(713,'Manchester United','ManUtd','558797310'),(714,'Manchester United','ManUtd','558797310'),(715,'Manchester United','ManUtd','558797310'),(716,'Manchester United','ManUtd','558797310'),(717,'Manchester United','ManUtd','558797310'),(718,'Manchester United','ManUtd','558797310'),(719,'Matteo Darmian','DarmianOfficial','2932344784'),(720,'Matteo Darmian','DarmianOfficial','2932344784'),(721,'David De Gea','D_DeGea','265982289'),(722,'Anthony Martial','AnthonyMartial','1561168178'),(723,'Morgan Schneiderlin','SchneiderlinMo4','2550652224'),(724,'David De Gea','D_DeGea','265982289'),(725,'David De Gea','D_DeGea','265982289'),(726,'Ashley Young','youngy18','1692240811'),(727,'Timothy fosu-mensah','timboo95','2657525873'),(728,'Timothy fosu-mensah','timboo95','2657525873'),(729,'Timothy fosu-mensah','timboo95','2657525873'),(730,'Timothy fosu-mensah','timboo95','2657525873'),(731,'Michael Carrick','carras16','493127463'),(732,'David De Gea','D_DeGea','265982289'),(733,'Daley Blind','BlindDaley','239124932'),(734,'Nitesh','carpe_diem_9X','374831612'),(735,'Manchester United','ManUtd','558797310'),(736,'Manchester United','ManUtd','558797310'),(737,'Tottenham Hotspur','SpursOfficial','121402638'),(738,'Manchester United','ManUtd','558797310'),(739,'Tottenham Hotspur','SpursOfficial','121402638'),(740,'Quinton Fortune ️','QuintonFortune','335404741'),(741,'Quinton Fortune ️','QuintonFortune','335404741'),(742,'Quinton Fortune ️','QuintonFortune','335404741'),(743,'Quinton Fortune ️','QuintonFortune','335404741'),(744,'David De Gea','D_DeGea','265982289'),(745,'Quinton Fortune ️','QuintonFortune','335404741'),(746,'Wayne Rooney','WayneRooney','285332860'),(747,'Taylor','Taylor_Vision','317398146'),(748,'Premier League','premierleague','343627165'),(749,'Premier League','premierleague','343627165'),(750,'Mike Wilkinson','M_WilkinsonMMA','592199046'),(751,'Premier League','premierleague','343627165'),(752,'Patrick Chalmers','pchalmers_99','1117810302'),(753,'Man Utd Foundation','MU_Foundation','133358416'),(754,'Timothy fosu-mensah','timboo95','2657525873'),(755,'Timothy fosu-mensah','timboo95','2657525873'),(756,'Bryan Robson','bryanrobson','2773456707'),(757,'Premier League','premierleague','343627165'),(758,'Morgan Schneiderlin','SchneiderlinMo4','2550652224'),(759,'Chevrolet FC','ChevroletFC','587618115'),(760,'Premier League','premierleague','343627165'),(761,'Premier League','premierleague','343627165'),(762,'Ryan Humphreys','Rhumphreys21','314125248'),(763,'Ryan Humphreys','Rhumphreys21','314125248'),(764,'Paul Wilson','paulthesitter','168248610'),(765,'Premier League','premierleague','343627165'),(766,'Mike Wilkinson','M_WilkinsonMMA','592199046'),(767,'Mike Wilkinson','M_WilkinsonMMA','592199046'),(768,'Ashley Young','youngy18','1692240811'),(769,'Bryan Robson','bryanrobson','2773456707'),(770,'Phil Jones','PhilJones4','233335916'),(771,'Phil Jones','PhilJones4','233335916'),(772,'Pulkit Nagar','pulkit97nagar','2389586083'),(773,'The Appellant','TheAppellant','1156876856'),(774,'Luke Shaw','LukeShaw23','359621966'),(775,'Luke Shaw','LukeShaw23','359621966'),(776,'Premier League','premierleague','343627165'),(777,'Premier League','premierleague','343627165'),(778,'Juan Mata García','juanmata8','140750163'),(779,'Premier League','premierleague','343627165'),(780,'Premier League','premierleague','343627165'),(781,'Anthony Martial','AnthonyMartial','1561168178'),(782,'Premier League','premierleague','343627165'),(783,'Anthony Martial','AnthonyMartial','1561168178'),(784,'Matteo Darmian','DarmianOfficial','2932344784'),(785,'Anthony Martial','AnthonyMartial','1561168178'),(786,'Anthony Martial','AnthonyMartial','1561168178'),(787,'Paddy Crerand','PatCrerand','167438003'),(788,'Paddy Crerand','PatCrerand','167438003'),(789,'Manchester United','ManUtd','558797310'),(790,'David De Gea','D_DeGea','265982289'),(791,'Daley Blind','BlindDaley','239124932'),(792,'Manchester United','ManUtd','558797310'),(793,'Ashley Young','youngy18','1692240811'),(794,'Ander Herrera','AnderHerrera','259683667'),(795,'Marcos Rojo','marcosrojo5','940270308'),(796,'Premier League','premierleague','343627165'),(797,'Premier League','premierleague','343627165'),(798,'Anthony Martial','AnthonyMartial','1561168178'),(799,'Anthony Martial','AnthonyMartial','1561168178'),(800,'Manchester United','ManUtd','558797310'),(801,'Premier League','premierleague','343627165'),(802,'Premier League','premierleague','343627165'),(803,'Anthony Martial','AnthonyMartial','1561168178'),(804,'Juan Mata García','juanmata8','140750163'),(805,'Paddy Crerand','PatCrerand','167438003'),(806,'Paddy Crerand','PatCrerand','167438003'),(807,'Manchester United','ManUtd','558797310'),(808,'Daley Blind','BlindDaley','239124932'),(809,'Anthony Martial','AnthonyMartial','1561168178'),(810,'Chris Smalling','ChrisSmalling','3145919378'),(811,'Juan Mata García','juanmata8','140750163'),(812,'Anthony Martial','AnthonyMartial','1561168178'),(813,'Premier League','premierleague','343627165'),(814,'Timothy fosu-mensah','timboo95','2657525873'),(815,'David De Gea','D_DeGea','265982289'),(816,'Daley Blind','BlindDaley','239124932'),(817,'Daley Blind','BlindDaley','239124932'),(818,'Anthony Martial','AnthonyMartial','1561168178'),(819,'Michael Carrick','carras16','493127463'),(820,'Michael Carrick','carras16','493127463'),(821,'Premier League','premierleague','343627165'),(822,'Premier League','premierleague','343627165'),(823,'Anthony Martial','AnthonyMartial','1561168178'),(824,'Anthony Martial','AnthonyMartial','1561168178'),(825,'Anthony Martial','AnthonyMartial','1561168178'),(826,'Daley Blind','BlindDaley','239124932'),(827,'Mikael Silvestre','IamMSilvestre','538434730'),(828,'David De Gea','D_DeGea','265982289'),(829,'David De Gea','D_DeGea','265982289'),(830,'Juan Mata García','juanmata8','140750163'),(831,'Anthony Martial','AnthonyMartial','1561168178'),(832,'Thomas Lahey','TomLaheyCUA','335476450'),(833,'Manchester United','ManUtd','558797310'),(834,'maximus','maximustutty','4038520517'),(835,'Manchester United','ManUtd','558797310'),(836,'Niall','Nialltu3','3226297125'),(837,'Khalid Amer','KhalidAgger','2444703781'),(838,'Grace Makoloni','GMakoloni','2360853964'),(839,'lauren☽','1975aesthxtic','1671406590'),(840,'Manchester United','ManUtd','558797310'),(841,'Sadikshya Bhandari','Sadikshya_','84406884'),(842,'David Naden Michael','nadenesque','2254407072'),(843,'Mousa_MUTD','MousaMUTD','1951632236'),(844,'Shaaira Jongkind','ThomandIdirRule','2857390761'),(845,'Manchester United','ManUtd','558797310'),(846,'Rachel Riley','RachelRileyRR','190242011'),(847,'Manchester United','ManUtd','558797310'),(848,'Manchester United','ManUtd','558797310'),(849,'Mike Wilkinson','M_WilkinsonMMA','592199046'),(850,'Premier League','premierleague','343627165'),(851,'Anthony Martial','AnthonyMartial','1561168178'),(852,'Manchester United','ManUtd','558797310'),(853,'Daley Blind','BlindDaley','239124932'),(854,'Manchester United','ManUtd','558797310'),(855,'Manchester United','ManUtd','558797310'),(856,'Manchester United','ManUtd','558797310'),(857,'Manchester United','ManUtd','558797310'),(858,'Manchester United','ManUtd','558797310'),(859,'Manchester United','ManUtd','558797310'),(860,'Mike Wilkinson','M_WilkinsonMMA','592199046'),(861,'Premier League','premierleague','343627165'),(862,'Anthony Martial','AnthonyMartial','1561168178'),(863,'Manchester United','ManUtd','558797310'),(864,'Daley Blind','BlindDaley','239124932'),(865,'Manchester United','ManUtd','558797310'),(866,'Manchester United','ManUtd','558797310'),(867,'Manchester United','ManUtd','558797310'),(868,'Manchester United','ManUtd','558797310');
/*!40000 ALTER TABLE `twitterusers` ENABLE KEYS */;
UNLOCK TABLES;

--
-- Dumping events for database 'intelligentwebassignment'
--

--
-- Dumping routines for database 'intelligentwebassignment'
--
/*!50003 DROP PROCEDURE IF EXISTS `get_football_clubs` */;
/*!50003 SET @saved_cs_client      = @@character_set_client */ ;
/*!50003 SET @saved_cs_results     = @@character_set_results */ ;
/*!50003 SET @saved_col_connection = @@collation_connection */ ;
/*!50003 SET character_set_client  = utf8 */ ;
/*!50003 SET character_set_results = utf8 */ ;
/*!50003 SET collation_connection  = utf8_general_ci */ ;
/*!50003 SET @saved_sql_mode       = @@sql_mode */ ;
/*!50003 SET sql_mode              = 'STRICT_TRANS_TABLES,NO_AUTO_CREATE_USER,NO_ENGINE_SUBSTITUTION' */ ;
DELIMITER ;;
CREATE DEFINER=`root`@`localhost` PROCEDURE `get_football_clubs`()
BEGIN
	SELECT * FROM footballclubs;
END ;;
DELIMITER ;
/*!50003 SET sql_mode              = @saved_sql_mode */ ;
/*!50003 SET character_set_client  = @saved_cs_client */ ;
/*!50003 SET character_set_results = @saved_cs_results */ ;
/*!50003 SET collation_connection  = @saved_col_connection */ ;
/*!50003 DROP PROCEDURE IF EXISTS `get_football_players` */;
/*!50003 SET @saved_cs_client      = @@character_set_client */ ;
/*!50003 SET @saved_cs_results     = @@character_set_results */ ;
/*!50003 SET @saved_col_connection = @@collation_connection */ ;
/*!50003 SET character_set_client  = utf8 */ ;
/*!50003 SET character_set_results = utf8 */ ;
/*!50003 SET collation_connection  = utf8_general_ci */ ;
/*!50003 SET @saved_sql_mode       = @@sql_mode */ ;
/*!50003 SET sql_mode              = 'STRICT_TRANS_TABLES,NO_AUTO_CREATE_USER,NO_ENGINE_SUBSTITUTION' */ ;
DELIMITER ;;
CREATE DEFINER=`root`@`localhost` PROCEDURE `get_football_players`()
BEGIN
	SELECT * FROM footballplayers;
END ;;
DELIMITER ;
/*!50003 SET sql_mode              = @saved_sql_mode */ ;
/*!50003 SET character_set_client  = @saved_cs_client */ ;
/*!50003 SET character_set_results = @saved_cs_results */ ;
/*!50003 SET collation_connection  = @saved_col_connection */ ;
/*!40103 SET TIME_ZONE=@OLD_TIME_ZONE */;

/*!40101 SET SQL_MODE=@OLD_SQL_MODE */;
/*!40014 SET FOREIGN_KEY_CHECKS=@OLD_FOREIGN_KEY_CHECKS */;
/*!40014 SET UNIQUE_CHECKS=@OLD_UNIQUE_CHECKS */;
/*!40101 SET CHARACTER_SET_CLIENT=@OLD_CHARACTER_SET_CLIENT */;
/*!40101 SET CHARACTER_SET_RESULTS=@OLD_CHARACTER_SET_RESULTS */;
/*!40101 SET COLLATION_CONNECTION=@OLD_COLLATION_CONNECTION */;
/*!40111 SET SQL_NOTES=@OLD_SQL_NOTES */;

-- Dump completed on 2016-04-11 18:00:18
